date,avg_sentiment,text_count,sentiment_volatility,sentiment_zscore,predicted_regime,vix_regime,vix_value,correct
2008-09-01,-0.03240868759651979,24,0.0,0.0,low_volatility,unknown,,False
2008-09-02,-0.11222472507530272,26,0.05643846134868704,0.0,normal,normal,21.989999771118164,True
2008-09-03,0.10729858780709597,26,0.111114961142638,1.077654423826482,low_volatility,normal,21.43000030517578,False
2008-09-04,-0.08631691720308596,26,0.09795555244037363,-0.5656032793021887,normal,normal,24.030000686645508,True
2008-09-05,-0.043013244867258396,26,0.08500441863631977,-0.1138793445745436,low_volatility,normal,23.059999465942383,False
2008-09-06,-0.0619567284360528,25,0.08594598745416039,-0.3100905721090087,normal,unknown,,False
2008-09-07,-0.11075752161443234,25,0.08563646120373515,-0.825933670115881,normal,unknown,,False
2008-09-08,-0.1686513890309985,26,0.04883389652643521,-1.286700059745597,elevated,normal,22.639999389648438,False
2008-09-09,-0.19007403425012642,26,0.06428102849878264,-1.2885754289858418,elevated,elevated,25.469999313354492,True
2008-09-10,-0.16369756316704207,26,0.05203611962931322,-0.8940188053593913,normal,normal,24.520000457763672,True
2008-09-11,-0.11905083815888719,26,0.034052359381906865,-0.3606716693784658,normal,normal,24.389999389648438,True
2008-09-12,-0.2937855289505138,25,0.06501797656939558,-1.901558254538396,high_volatility,elevated,25.65999984741211,False
2008-09-13,-0.16967488251626492,25,0.06494713541333799,-0.6097349559603582,normal,unknown,,False
2008-09-14,-0.2752184278354881,25,0.07607883817392055,-1.4913166123247337,high_volatility,unknown,,False
2008-09-15,-0.09774661572793356,26,0.08942203221410992,0.2998725477752921,normal,elevated,31.700000762939453,False
2008-09-16,-0.15676361616002762,26,0.08320007783856104,-0.2625543003554454,normal,elevated,30.299999237060547,False
2008-09-17,-0.2741680503820262,26,0.0778841634628852,-1.464150691894704,high_volatility,high_volatility,36.220001220703125,True
2008-09-18,-0.1099122901674705,26,0.08676674023242119,0.637105383859024,normal,elevated,33.099998474121094,False
2008-09-19,-0.2922677799614618,26,0.09151374811388646,-1.476630315386393,high_volatility,elevated,32.06999969482422,False
2008-09-20,-0.29195531625300647,25,0.08562541957369732,-1.2946461604823676,elevated,unknown,,False
2008-09-21,-0.14375319611281157,25,0.08837163532454242,0.7136479710231913,normal,unknown,,False
2008-09-22,-0.09672248252627667,26,0.0975445089031148,1.2103945445675275,normal,elevated,33.849998474121094,False
2008-09-23,-0.1701275311214655,26,0.08900292543533668,0.24961223294600404,normal,high_volatility,35.720001220703125,False
2008-09-24,-0.2941110591170568,26,0.08948849962794411,-1.1540304374775463,high_volatility,high_volatility,35.189998626708984,True
2008-09-25,-0.12475007930054115,26,0.0765265856825367,0.9092430191638897,normal,elevated,32.81999969482422,False
2008-09-26,-0.12555106453440637,25,0.0782564787114063,0.7778261203856915,normal,elevated,34.7400016784668,False
2008-09-27,-0.014652845449745655,24,0.10079767644282034,1.758346089388435,normal,unknown,,False
2008-09-28,-0.17614939998835324,25,0.1011956362175379,-0.07964139621956133,elevated,unknown,,False
2008-09-29,-0.17400089042258554,26,0.06552599479428203,0.007460174825484534,normal,high_volatility,46.720001220703125,False
2008-09-30,-0.09516633255380968,26,0.06665671125324825,0.8578229900339611,normal,high_volatility,39.38999938964844,False
2008-10-01,-0.22653226461273224,26,0.08312069347689807,-0.7105880086658021,elevated,high_volatility,39.810001373291016,False
2008-10-02,0.0008038672475287548,26,0.08890835321702231,1.692769610054157,low_volatility,high_volatility,45.2599983215332,False
2008-10-03,-0.10524033862649923,26,0.08615879069721787,0.46361239525426745,normal,high_volatility,45.13999938964844,False
2008-10-04,-0.07779003634705037,25,0.08172034680201498,0.676453845811649,normal,unknown,,False
2008-10-05,-0.18550540221212888,24,0.0897588493703764,-0.6620823423819358,elevated,unknown,,False
2008-10-06,-0.19389221861390926,26,0.08069941010655375,-0.6735004868429795,normal,high_volatility,52.04999923706055,False
2008-10-07,-0.1415060933393946,26,0.0501313260342149,-0.042385489085038495,normal,high_volatility,53.68000030517578,False
2008-10-08,-0.08016017369496134,26,0.055540152728448526,0.6422947293109037,normal,high_volatility,57.529998779296875,False
2008-10-09,-0.15038315665216143,26,0.045101652550735595,-0.3840186067865265,normal,high_volatility,63.91999816894531,False
2008-10-10,-0.30177789966075225,26,0.08237319674212563,-2.0071987357552166,high_volatility,high_volatility,69.94999694824219,True
2008-10-11,-0.11043628055602311,25,0.08561091403682106,0.45160456193663545,normal,unknown,,False
2008-10-12,-0.10383694667369127,25,0.08889358078218502,0.4701032876287343,normal,unknown,,False
2008-10-13,0.06480408467065829,26,0.1308348847182431,2.041046166551001,normal,high_volatility,54.9900016784668,False
2008-10-14,-0.16901583041852483,26,0.13216362809844148,-0.455058185312665,elevated,high_volatility,55.130001068115234,False
2008-10-15,-0.04589200661016198,26,0.08845360860309606,0.7634243414112305,low_volatility,high_volatility,69.25,False
2008-10-16,-0.025583850112385474,26,0.08758117200491412,1.0385702156955823,low_volatility,high_volatility,67.61000061035156,False
2008-10-17,-0.07593513251492266,26,0.0846018235280779,0.4340724687338585,normal,high_volatility,70.33000183105469,False
2008-10-18,-0.18258181035518647,25,0.07181103648961723,-0.6859722030567447,elevated,unknown,,False
2008-10-19,-0.13848030544817447,25,0.06547185740380448,-0.2325616129128174,normal,unknown,,False
2008-10-20,-0.13316809507803276,26,0.061024377374591585,-0.2281400005188137,normal,high_volatility,52.970001220703125,False
2008-10-21,-0.16015041045844555,25,0.039855314364469346,-0.5273070946738883,normal,high_volatility,53.11000061035156,False
2008-10-22,-0.24536567335511172,26,0.0454598267676676,-1.2969902476067738,elevated,high_volatility,69.6500015258789,False
2008-10-23,-0.3075261911945343,26,0.07650525659803734,-1.6398901836652835,high_volatility,high_volatility,67.80000305175781,True
2008-10-24,-0.31711031579066584,26,0.083747412186037,-1.6904814139130464,high_volatility,high_volatility,79.12999725341797,True
2008-10-25,-0.09881770718842744,25,0.09464926147230657,0.3760099863024597,normal,unknown,,False
2008-10-26,-0.27067563105374576,50,0.08817033613351634,-1.0879561073386843,high_volatility,unknown,,False
2008-10-27,-0.10720161955630635,25,0.10847526829049133,0.5967766726277551,normal,high_volatility,80.05999755859375,False
2008-10-28,-0.27524550165992934,26,0.10279536746440565,-1.0741537921157274,high_volatility,high_volatility,66.95999908447266,True
2008-10-29,-0.12910577429171938,26,0.08902572335321082,0.5123170085186418,normal,high_volatility,69.95999908447266,False
2008-10-30,-0.24193689964998227,26,0.08052386445039596,-0.6103775693903665,elevated,high_volatility,62.900001525878906,False
2008-10-31,-0.1852284196703138,26,0.07163314154552577,0.18879752131668434,normal,high_volatility,59.88999938964844,False
2008-11-01,-0.21122481033205986,25,0.055734663165999336,-0.12886493621923567,normal,unknown,,False
2008-11-02,-0.4527847299724817,25,0.12381871719875479,-2.3252949614153016,high_volatility,unknown,,False
2008-11-03,-0.31330548423976307,26,0.10737816614212402,-0.7852096177133445,elevated,high_volatility,53.68000030517578,False
2008-11-04,-0.15211222911784272,26,0.12203897785799409,0.8595387496401758,elevated,high_volatility,47.72999954223633,False
2008-11-05,-0.14229338748667103,26,0.13011640864589188,0.8575682249698858,normal,high_volatility,54.560001373291016,False
2008-11-06,-0.09596826218498442,26,0.14856643647450601,1.1318004762135827,normal,high_volatility,63.68000030517578,False
2008-11-07,-0.1064590964323053,26,0.08778446144475133,0.8938913680343641,normal,high_volatility,56.099998474121094,False
2008-11-08,-0.16878374762833118,25,0.030853743879525188,0.35074022345639216,normal,unknown,,False
2008-11-09,-0.08032447520643472,25,0.03607028067851626,1.068681042932341,normal,unknown,,False
2008-11-10,-0.19011101509945896,26,0.048175586217399556,0.05954353341458138,elevated,high_volatility,59.97999954223633,False
2008-11-11,-0.1978942112495693,26,0.0524352095048518,-0.07556198129050555,normal,high_volatility,61.439998626708984,False
2008-11-12,-0.2576688318504641,26,0.06424650283380774,-0.5963191412217239,elevated,high_volatility,66.45999908447266,False
2008-11-13,-0.30248360192540186,26,0.08380154238919878,-0.9795793591097132,elevated,high_volatility,59.83000183105469,False
2008-11-14,-0.2399742664192649,26,0.045962013712251754,-0.31774574922994253,normal,high_volatility,66.30999755859375,False
2008-11-15,-0.09240606762468814,25,0.07964296222498442,1.0160860541971188,normal,unknown,,False
2008-11-16,-0.16913919884711504,25,0.08245405060339255,0.13227677384832692,normal,unknown,,False
2008-11-17,-0.23220321002344674,26,0.07969400985272433,-0.8675486602454131,normal,high_volatility,69.1500015258789,False
2008-11-18,-0.1608280013856419,25,0.06015473467081942,0.19544392333176755,normal,high_volatility,67.63999938964844,False
2008-11-19,-0.020559204636514637,26,0.08091966638128291,1.83555055442904,low_volatility,high_volatility,74.26000213623047,False
2008-11-20,-0.15736864005870757,26,0.07750891841317492,0.16180087138731086,elevated,high_volatility,80.86000061035156,False
2008-11-21,-0.2546041461704312,26,0.09149302924438428,-0.9622366148550809,elevated,high_volatility,72.66999816894531,False
2008-11-22,-0.07772228803485631,25,0.0892285768695327,1.1725362316972339,normal,unknown,,False
2008-11-23,-0.15533017072826624,25,0.08885173759514328,0.3067162917955023,normal,unknown,,False
2008-11-24,-0.30971143269394674,26,0.091341560795763,-1.4317541885656795,high_volatility,high_volatility,64.69999694824219,True
2008-11-25,-0.1960226239365966,26,0.08940431558766383,-0.09917688035414342,normal,high_volatility,60.900001525878906,False
2008-11-26,-0.1695076319960878,26,0.08403487713532425,0.14205183871681598,normal,high_volatility,54.91999816894531,False
2008-11-27,-0.22087456461042165,25,0.06099999319194791,-0.5956259047985214,normal,unknown,,False
2008-11-28,-0.14721282224099225,26,0.06290658613705216,0.29107597243784594,normal,high_volatility,55.279998779296875,False
2008-11-29,-0.23281595136970282,25,0.035423803982222966,-0.7435059688934327,normal,unknown,,False
