date,value
2010-01-05,0.1739
2010-01-06,0.1676
2010-01-07,0.1615
2010-01-08,0.1535
2010-01-11,0.1419
2010-01-12,0.1421
2010-01-13,0.1488
2010-01-14,0.147
2010-01-15,0.1525
2010-01-19,0.1552
2010-01-20,0.1799
2010-01-21,0.2133
2010-01-22,0.231
2010-01-25,0.2415
2010-01-26,0.2466
2010-01-27,0.2504
2010-01-28,0.251
2010-01-29,0.2456
2010-02-01,0.2431
2010-02-02,0.2349
2010-02-03,0.2105
2010-02-04,0.2383
2010-02-05,0.2279
2010-02-08,0.2168
2010-02-09,0.2242
2010-02-10,0.2281
2010-02-11,0.2443
2010-02-12,0.2439
2010-02-16,0.2464
2010-02-17,0.2574
2010-02-18,0.2498
2010-02-19,0.249
2010-02-22,0.2439
2010-02-23,0.2682
2010-02-24,0.2627
2010-02-25,0.2796
2010-02-26,0.2768
2010-03-01,0.2812
2010-03-02,0.2664
2010-03-03,0.254
2010-03-04,0.2445
2010-03-05,0.2644
2010-03-08,0.2442
2010-03-09,0.2271
2010-03-10,0.221
2010-03-11,0.2072
2010-03-12,0.1926
2010-03-15,0.1764
2010-03-16,0.178
2010-03-17,0.1713
2010-03-18,0.1651
2010-03-19,0.1647
2010-03-22,0.1464
2010-03-23,0.1343
2010-03-24,0.1272
2010-03-25,0.1236
2010-03-26,0.1275
2010-03-29,0.12
2010-03-30,0.1298
2010-03-31,0.129
2010-04-01,0.1364
2010-04-05,0.1389
2010-04-06,0.1297
2010-04-07,0.13
2010-04-08,0.1206
2010-04-09,0.1281
2010-04-12,0.149
2010-04-13,0.1409
2010-04-14,0.133
2010-04-15,0.1377
2010-04-16,0.1546
2010-04-19,0.1469
2010-04-20,0.1519
2010-04-21,0.1599
2010-04-22,0.1661
2010-04-23,0.1834
2010-04-26,0.1792
2010-04-27,0.235
2010-04-28,0.252
2010-04-29,0.2594
2010-04-30,0.267
2010-05-03,0.272
2010-05-04,0.3266
2010-05-05,0.3666
2010-05-06,0.3975
2010-05-07,0.4265
2010-05-10,0.43
2010-05-11,0.4594
2010-05-12,0.463
2010-05-13,0.4665
2010-05-14,0.4936
2010-05-17,0.4979
2010-05-18,0.4809
2010-05-19,0.5083
2010-05-20,0.5275
2010-05-21,0.5367
2010-05-24,0.5523
2010-05-25,0.5753
2010-05-26,0.5811
2010-05-27,0.5837
2010-05-28,0.5867
2010-06-01,0.5925
2010-06-02,0.5856
2010-06-03,0.581
2010-06-04,0.6207
2010-06-07,0.611
2010-06-08,0.6165
2010-06-09,0.6016
2010-06-10,0.5993
2010-06-11,0.596
2010-06-14,0.5886
2010-06-15,0.5663
2010-06-16,0.5404
2010-06-17,0.5188
2010-06-18,0.494
2010-06-21,0.4694
2010-06-22,0.4616
2010-06-23,0.4617
2010-06-24,0.459
2010-06-25,0.4344
2010-06-28,0.442
2010-06-29,0.4954
2010-06-30,0.4921
2010-07-01,0.5207
2010-07-02,0.5074
2010-07-06,0.4924
2010-07-07,0.4694
2010-07-08,0.4629
2010-07-09,0.4177
2010-07-12,0.3987
2010-07-13,0.4048
2010-07-14,0.3804
2010-07-15,0.3746
2010-07-16,0.408
2010-07-19,0.3951
2010-07-20,0.3827
2010-07-21,0.3624
2010-07-22,0.3576
2010-07-23,0.3648
2010-07-26,0.3526
2010-07-27,0.3498
2010-07-28,0.325
2010-07-29,0.3122
2010-07-30,0.3074
2010-08-02,0.3367
2010-08-03,0.3432
2010-08-04,0.3349
2010-08-05,0.3179
2010-08-06,0.3198
2010-08-09,0.3005
2010-08-10,0.276
2010-08-11,0.4135
2010-08-12,0.4228
2010-08-13,0.4244
2010-08-16,0.415
2010-08-17,0.4224
2010-08-18,0.4116
2010-08-19,0.4117
2010-08-20,0.4167
2010-08-23,0.4012
2010-08-24,0.439
2010-08-25,0.4251
2010-08-26,0.4003
2010-08-27,0.3804
2010-08-30,0.3829
2010-08-31,0.3738
2010-09-01,0.4202
2010-09-02,0.4041
2010-09-03,0.4006
2010-09-07,0.4456
2010-09-08,0.4387
2010-09-09,0.4288
2010-09-10,0.4161
2010-09-13,0.4322
2010-09-14,0.4149
2010-09-15,0.434
2010-09-16,0.4271
2010-09-17,0.4174
2010-09-20,0.4082
2010-09-21,0.3948
2010-09-22,0.4391
2010-09-23,0.4412
2010-09-24,0.4469
2010-09-27,0.4294
2010-09-28,0.424
2010-09-29,0.3953
2010-09-30,0.3628
2010-10-01,0.3195
2010-10-04,0.3304
2010-10-05,0.3591
2010-10-06,0.3627
2010-10-07,0.3506
2010-10-08,0.3329
2010-10-11,0.3038
2010-10-12,0.289
2010-10-13,0.2878
2010-10-14,0.2849
2010-10-15,0.2942
2010-10-18,0.2734
2010-10-19,0.282
2010-10-20,0.2874
2010-10-21,0.298
2010-10-22,0.2747
2010-10-25,0.2634
2010-10-26,0.259
2010-10-27,0.2438
2010-10-28,0.2247
2010-10-29,0.2058
2010-11-01,0.1999
2010-11-02,0.2004
2010-11-03,0.2026
2010-11-04,0.2023
2010-11-05,0.2289
2010-11-08,0.2299
2010-11-09,0.2312
2010-11-10,0.2409
2010-11-11,0.2528
2010-11-12,0.2502
2010-11-15,0.2454
2010-11-16,0.2615
2010-11-17,0.2629
2010-11-18,0.2903
2010-11-19,0.2906
2010-11-22,0.2875
2010-11-23,0.3664
2010-11-24,0.3773
2010-11-26,0.3682
2010-11-29,0.3903
2010-11-30,0.4329
2010-12-01,0.4695
2010-12-02,0.4832
2010-12-03,0.4782
2010-12-06,0.4652
2010-12-07,0.4685
2010-12-08,0.4486
2010-12-09,0.4348
2010-12-10,0.4264
2010-12-13,0.4288
2010-12-14,0.4133
2010-12-15,0.3986
2010-12-16,0.3719
2010-12-17,0.348
2010-12-20,0.3476
2010-12-21,0.3229
2010-12-22,0.3028
2010-12-23,0.2601
2010-12-27,0.2138
2010-12-28,0.2026
2010-12-29,0.1859
2010-12-30,0.1889
2010-12-31,0.1834
2011-01-03,0.1813
2011-01-04,0.1822
2011-01-05,0.1862
2011-01-06,0.1785
2011-01-07,0.1906
2011-01-10,0.1911
2011-01-11,0.1976
2011-01-12,0.262
2011-01-13,0.2898
2011-01-14,0.2966
2011-01-18,0.3051
2011-01-19,0.2892
2011-01-20,0.2946
2011-01-21,0.2789
2011-01-24,0.2596
2011-01-25,0.2481
2011-01-26,0.231
2011-01-27,0.2156
2011-01-28,0.2287
2011-01-31,0.2252
2011-02-01,0.2578
2011-02-02,0.2403
2011-02-03,0.2581
2011-02-04,0.2451
2011-02-07,0.2209
2011-02-08,0.2016
2011-02-09,0.19
2011-02-10,0.1931
2011-02-11,0.1743
2011-02-14,0.169
2011-02-15,0.1469
2011-02-16,0.1493
2011-02-17,0.1326
2011-02-18,0.1296
2011-02-22,0.1018
2011-02-23,0.0942
2011-02-24,0.1009
2011-02-25,0.0926
2011-02-28,0.0939
2011-03-01,0.0863
2011-03-02,0.081
2011-03-03,0.088
2011-03-04,0.085
2011-03-07,0.0965
2011-03-08,0.0994
2011-03-09,0.0992
2011-03-10,0.0897
2011-03-11,0.1021
2011-03-14,0.1032
2011-03-15,0.1769
2011-03-16,0.2269
2011-03-17,0.2671
2011-03-18,0.3048
2011-03-21,0.3161
2011-03-22,0.3181
2011-03-23,0.3139
2011-03-24,0.34
2011-03-25,0.3416
2011-03-28,0.3248
2011-03-29,0.3181
2011-03-30,0.2961
2011-03-31,0.2922
2011-04-01,0.2827
2011-04-04,0.2687
2011-04-05,0.2704
2011-04-06,0.2599
2011-04-07,0.2402
2011-04-08,0.2368
2011-04-11,0.2264
2011-04-12,0.2387
2011-04-13,0.2254
2011-04-14,0.2288
2011-04-15,0.217
2011-04-18,0.2836
2011-04-19,0.3095
2011-04-20,0.3494
2011-04-21,0.3459
2011-04-25,0.3035
2011-04-26,0.2977
2011-04-27,0.3017
2011-04-28,0.2837
2011-04-29,0.2677
2011-05-02,0.2418
2011-05-03,0.2208
2011-05-04,0.2147
2011-05-05,0.2668
2011-05-06,0.3053
2011-05-09,0.3221
2011-05-10,0.3285
2011-05-11,0.3205
2011-05-12,0.3085
2011-05-13,0.2923
2011-05-16,0.2684
2011-05-17,0.2554
2011-05-18,0.2391
2011-05-19,0.2223
2011-05-20,0.2339
2011-05-23,0.266
2011-05-24,0.2652
2011-05-25,0.2643
2011-05-26,0.249
2011-05-27,0.2613
2011-05-31,0.275
2011-06-01,0.2676
2011-06-02,0.2939
2011-06-03,0.287
2011-06-06,0.2704
2011-06-07,0.2531
2011-06-08,0.2506
2011-06-09,0.2342
2011-06-10,0.2505
2011-06-13,0.254
2011-06-14,0.2524
2011-06-15,0.2952
2011-06-16,0.3193
2011-06-17,0.3207
2011-06-20,0.3139
2011-06-21,0.3166
2011-06-22,0.3073
2011-06-23,0.3341
2011-06-24,0.3286
2011-06-27,0.3379
2011-06-28,0.3397
2011-06-29,0.3295
2011-06-30,0.3085
2011-07-01,0.2758
2011-07-05,0.2314
2011-07-06,0.2484
2011-07-07,0.2384
2011-07-08,0.2984
2011-07-11,0.4089
2011-07-12,0.4451
2011-07-13,0.4597
2011-07-14,0.4744
2011-07-15,0.4667
2011-07-18,0.4802
2011-07-19,0.4677
2011-07-20,0.4506
2011-07-21,0.4615
2011-07-22,0.4407
2011-07-25,0.4262
2011-07-26,0.4161
2011-07-27,0.4387
2011-07-28,0.4327
2011-07-29,0.4324
2011-08-01,0.4501
2011-08-02,0.4568
2011-08-03,0.4678
2011-08-04,0.4977
2011-08-05,0.4816
2011-08-08,0.5273
2011-08-09,0.5663
2011-08-10,0.6278
2011-08-11,0.6441
2011-08-12,0.6446
2011-08-15,0.6691
2011-08-16,0.6731
2011-08-17,0.6604
2011-08-18,0.6879
2011-08-19,0.6917
2011-08-22,0.6629
2011-08-23,0.6403
2011-08-24,0.6156
2011-08-25,0.5831
2011-08-26,0.5688
2011-08-29,0.5347
2011-08-30,0.5086
2011-08-31,0.4808
2011-09-01,0.4642
2011-09-02,0.4836
2011-09-06,0.4903
2011-09-07,0.4851
2011-09-08,0.5236
2011-09-09,0.5831
2011-09-12,0.618
2011-09-13,0.6236
2011-09-14,0.6233
2011-09-15,0.6366
2011-09-16,0.629
2011-09-19,0.6527
2011-09-20,0.635
2011-09-21,0.6502
2011-09-22,0.673
2011-09-23,0.6682
2011-09-26,0.6482
2011-09-27,0.6304
2011-09-28,0.6033
2011-09-29,0.5781
2011-09-30,0.6588
2011-10-03,0.6913
2011-10-04,0.7154
2011-10-05,0.7084
2011-10-06,0.7056
2011-10-07,0.6888
2011-10-10,0.7058
2011-10-11,0.6985
2011-10-12,0.6984
2011-10-13,0.6922
2011-10-14,0.6847
2011-10-17,0.6806
2011-10-18,0.6717
2011-10-19,0.6485
2011-10-20,0.6375
2011-10-21,0.6242
2011-10-24,0.5918
2011-10-25,0.5614
2011-10-26,0.5306
2011-10-27,0.6312
2011-10-28,0.6162
2011-10-31,0.6583
2011-11-01,0.684
2011-11-02,0.6765
2011-11-03,0.6638
2011-11-04,0.6151
2011-11-07,0.6316
2011-11-08,0.633
2011-11-09,0.7057
2011-11-10,0.693
2011-11-11,0.6928
2011-11-14,0.6868
2011-11-15,0.6716
2011-11-16,0.6545
2011-11-17,0.6376
2011-11-18,0.6274
2011-11-21,0.6488
2011-11-22,0.6185
2011-11-23,0.6412
2011-11-25,0.6079
2011-11-28,0.6022
2011-11-29,0.5906
2011-11-30,0.5775
2011-12-01,0.5536
2011-12-02,0.5304
2011-12-05,0.4995
2011-12-06,0.4717
2011-12-07,0.4597
2011-12-08,0.4421
2011-12-09,0.449
2011-12-12,0.4752
2011-12-13,0.4896
2011-12-14,0.5141
2011-12-15,0.5154
2011-12-16,0.5028
2011-12-19,0.4866
2011-12-20,0.4793
2011-12-21,0.4621
2011-12-22,0.4406
2011-12-23,0.4167
2011-12-27,0.3817
2011-12-28,0.3569
2011-12-29,0.3684
2011-12-30,0.3456
2012-01-03,0.3532
2012-01-04,0.3496
2012-01-05,0.3796
2012-01-06,0.3806
2012-01-09,0.3772
2012-01-10,0.3793
2012-01-11,0.3712
2012-01-12,0.3626
2012-01-13,0.4072
2012-01-17,0.4299
2012-01-18,0.424
2012-01-19,0.4417
2012-01-20,0.4734
2012-01-23,0.4931
2012-01-24,0.4894
2012-01-25,0.4841
2012-01-26,0.4836
2012-01-27,0.4992
2012-01-30,0.5307
2012-01-31,0.5219
2012-02-01,0.5238
2012-02-02,0.491
2012-02-03,0.4754
2012-02-06,0.4284
2012-02-07,0.4479
2012-02-08,0.4427
2012-02-09,0.4242
2012-02-10,0.4317
2012-02-13,0.3993
2012-02-14,0.368
2012-02-15,0.3443
2012-02-16,0.3315
2012-02-17,0.3218
2012-02-21,0.2895
2012-02-22,0.2854
2012-02-23,0.2696
2012-02-24,0.2651
2012-02-27,0.2589
2012-02-28,0.2482
2012-02-29,0.2424
2012-03-01,0.2589
2012-03-02,0.2732
2012-03-05,0.2729
2012-03-06,0.3245
2012-03-07,0.3253
2012-03-08,0.3413
2012-03-09,0.3483
2012-03-12,0.3422
2012-03-13,0.3452
2012-03-14,0.3615
2012-03-15,0.3597
2012-03-16,0.3633
2012-03-19,0.3567
2012-03-20,0.3391
2012-03-21,0.3154
2012-03-22,0.3327
2012-03-23,0.3203
2012-03-26,0.3277
2012-03-27,0.3147
2012-03-28,0.3203
2012-03-29,0.3228
2012-03-30,0.3239
2012-04-02,0.3248
2012-04-03,0.3185
2012-04-04,0.3223
2012-04-05,0.316
2012-04-09,0.2932
2012-04-10,0.3414
2012-04-11,0.3444
2012-04-12,0.336
2012-04-13,0.3374
2012-04-16,0.3247
2012-04-17,0.3206
2012-04-18,0.3048
2012-04-19,0.3005
2012-04-20,0.2792
2012-04-23,0.2859
2012-04-24,0.2901
2012-04-25,0.2985
2012-04-26,0.2999
2012-04-27,0.2893
2012-04-30,0.2854
2012-05-01,0.2805
2012-05-02,0.2716
2012-05-03,0.2702
2012-05-04,0.2679
2012-05-07,0.2602
2012-05-08,0.2702
2012-05-09,0.2575
2012-05-10,0.256
2012-05-11,0.2483
2012-05-14,0.2424
2012-05-15,0.2409
2012-05-16,0.2443
2012-05-17,0.2453
2012-05-18,0.2435
2012-05-21,0.2439
2012-05-22,0.2287
2012-05-23,0.2747
2012-05-24,0.2948
2012-05-25,0.2938
2012-05-29,0.2732
2012-05-30,0.3028
2012-05-31,0.3281
2012-06-01,0.3335
2012-06-04,0.3501
2012-06-05,0.3495
2012-06-06,0.3836
2012-06-07,0.3775
2012-06-08,0.3781
2012-06-11,0.3597
2012-06-12,0.3627
2012-06-13,0.3445
2012-06-14,0.3405
2012-06-15,0.3598
2012-06-18,0.3571
2012-06-19,0.3636
2012-06-20,0.3664
2012-06-21,0.3459
2012-06-22,0.3489
2012-06-25,0.3961
2012-06-26,0.4042
2012-06-27,0.3975
2012-06-28,0.3907
2012-06-29,0.4372
2012-07-02,0.4486
2012-07-03,0.4398
2012-07-05,0.435
2012-07-06,0.429
2012-07-09,0.4372
2012-07-10,0.4468
2012-07-11,0.4427
2012-07-12,0.4374
2012-07-13,0.4258
2012-07-16,0.4072
2012-07-17,0.3834
2012-07-18,0.3671
2012-07-19,0.3451
2012-07-20,0.38
2012-07-23,0.3773
2012-07-24,0.3758
2012-07-25,0.3638
2012-07-26,0.3868
2012-07-27,0.3908
2012-07-30,0.3794
2012-07-31,0.366
2012-08-01,0.3521
2012-08-02,0.3538
2012-08-03,0.4021
2012-08-06,0.404
2012-08-07,0.3972
2012-08-08,0.3921
2012-08-09,0.376
2012-08-10,0.3677
2012-08-13,0.3398
2012-08-14,0.3149
2012-08-15,0.2916
2012-08-16,0.2816
2012-08-17,0.2611
2012-08-20,0.2422
2012-08-21,0.2229
2012-08-22,0.2274
2012-08-23,0.2265
2012-08-24,0.2179
2012-08-27,0.2081
2012-08-28,0.1978
2012-08-29,0.1861
2012-08-30,0.1879
2012-08-31,0.1844
2012-09-04,0.1848
2012-09-05,0.1779
2012-09-06,0.1968
2012-09-07,0.1479
2012-09-10,0.1465
2012-09-11,0.1461
2012-09-12,0.1545
2012-09-13,0.1555
2012-09-14,0.1514
2012-09-17,0.1576
2012-09-18,0.1654
2012-09-19,0.1637
2012-09-20,0.1585
2012-09-21,0.1441
2012-09-24,0.1403
2012-09-25,0.1281
2012-09-26,0.1571
2012-09-27,0.1576
2012-09-28,0.165
2012-10-01,0.1523
2012-10-02,0.1472
2012-10-03,0.1436
2012-10-04,0.1306
2012-10-05,0.1348
2012-10-08,0.136
2012-10-09,0.1221
2012-10-10,0.1186
2012-10-11,0.1123
2012-10-12,0.1119
2012-10-15,0.1105
2012-10-16,0.1064
2012-10-17,0.1183
2012-10-18,0.1079
2012-10-19,0.1088
2012-10-22,0.1058
2012-10-23,0.12
2012-10-24,0.1118
2012-10-25,0.1014
2012-10-26,0.1067
2012-10-31,0.1193
2012-11-01,0.1236
2012-11-02,0.1137
2012-11-05,0.1199
2012-11-06,0.1204
2012-11-07,0.1317
2012-11-08,0.1295
2012-11-09,0.1327
2012-11-12,0.1259
2012-11-13,0.1193
2012-11-14,0.1038
2012-11-15,0.1091
2012-11-16,0.1212
2012-11-19,0.1333
2012-11-20,0.1327
2012-11-21,0.138
2012-11-23,0.131
2012-11-26,0.1345
2012-11-27,0.1264
2012-11-28,0.1105
2012-11-29,0.1146
2012-11-30,0.0993
2012-12-03,0.0887
2012-12-04,0.0839
2012-12-05,0.0741
2012-12-06,0.0599
2012-12-07,0.0582
2012-12-10,0.064
2012-12-11,0.0522
2012-12-12,0.0508
2012-12-13,0.0542
2012-12-14,0.0488
2012-12-17,0.0461
2012-12-18,0.0428
2012-12-19,0.0389
2012-12-20,0.0392
2012-12-21,0.0366
2012-12-24,0.0347
2012-12-26,0.0356
2012-12-27,0.0337
2012-12-28,0.0228
2012-12-31,0.0235
2013-01-02,0.0141
2013-01-03,0.019
2013-01-04,0.0274
2013-01-07,0.0334
2013-01-08,0.0393
2013-01-09,0.0415
2013-01-10,0.0291
2013-01-11,0.0282
2013-01-14,0.028
2013-01-15,0.0303
2013-01-16,0.0307
2013-01-17,0.0293
2013-01-18,0.0318
2013-01-22,0.0258
2013-01-23,0.0244
2013-01-24,0.0243
2013-01-25,0.0252
2013-01-28,0.0264
2013-01-29,0.0273
2013-01-30,0.0302
2013-01-31,0.0372
2013-02-01,0.048
2013-02-04,0.0801
2013-02-05,0.0946
2013-02-06,0.1031
2013-02-07,0.1174
2013-02-08,0.1256
2013-02-11,0.1252
2013-02-12,0.123
2013-02-13,0.1174
2013-02-14,0.1125
2013-02-15,0.1069
2013-02-19,0.0935
2013-02-20,0.087
2013-02-21,0.1029
2013-02-22,0.1087
2013-02-25,0.1043
2013-02-26,0.1275
2013-02-27,0.1384
2013-02-28,0.1462
2013-03-01,0.1534
2013-03-04,0.1551
2013-03-05,0.1616
2013-03-06,0.1475
2013-03-07,0.1464
2013-03-08,0.1433
2013-03-11,0.1337
2013-03-12,0.1187
2013-03-13,0.107
2013-03-14,0.1001
2013-03-15,0.0853
2013-03-18,0.0934
2013-03-19,0.103
2013-03-20,0.1105
2013-03-21,0.1129
2013-03-22,0.105
2013-03-25,0.1141
2013-03-26,0.11
2013-03-27,0.1167
2013-03-28,0.1124
2013-04-01,0.0952
2013-04-02,0.0939
2013-04-03,0.0889
2013-04-04,0.1008
2013-04-05,0.1098
2013-04-08,0.1266
2013-04-09,0.1217
2013-04-10,0.1323
2013-04-11,0.1293
2013-04-12,0.1317
2013-04-15,0.1289
2013-04-16,0.1122
2013-04-17,0.1198
2013-04-18,0.1241
2013-04-19,0.127
2013-04-22,0.1264
2013-04-23,0.1367
2013-04-24,0.1248
2013-04-25,0.1064
2013-04-26,0.1068
2013-04-29,0.1006
2013-04-30,0.0924
2013-05-01,0.0836
2013-05-02,0.0658
2013-05-03,0.0664
2013-05-06,0.0592
2013-05-07,0.0487
2013-05-08,0.046
2013-05-09,0.0389
2013-05-10,0.0308
2013-05-13,0.0286
2013-05-14,0.0281
2013-05-15,0.0243
2013-05-16,0.0216
2013-05-17,0.0201
2013-05-20,0.0168
2013-05-21,0.0147
2013-05-22,0.0129
2013-05-23,0.0159
2013-05-24,0.013
2013-05-28,0.0101
2013-05-29,0.009
2013-05-30,0.0077
2013-05-31,0.0084
2013-06-03,0.009
2013-06-04,0.0086
2013-06-05,0.0102
2013-06-06,0.0151
2013-06-07,0.0153
2013-06-10,0.0194
2013-06-11,0.028
2013-06-12,0.0316
2013-06-13,0.034
2013-06-14,0.0388
2013-06-17,0.0406
2013-06-18,0.0363
2013-06-19,0.0359
2013-06-20,0.079
2013-06-21,0.1019
2013-06-24,0.1208
2013-06-25,0.1234
2013-06-26,0.1183
2013-06-27,0.1118
2013-06-28,0.1159
2013-07-01,0.1247
2013-07-02,0.1197
2013-07-03,0.1363
2013-07-05,0.1327
2013-07-08,0.1225
2013-07-09,0.1055
2013-07-10,0.0963
2013-07-11,0.0952
2013-07-12,0.1004
2013-07-15,0.096
2013-07-16,0.0928
2013-07-17,0.0843
2013-07-18,0.0814
2013-07-19,0.0724
2013-07-22,0.0602
2013-07-23,0.0533
2013-07-24,0.0561
2013-07-25,0.0499
2013-07-26,0.042
2013-07-29,0.0371
2013-07-30,0.0326
2013-07-31,0.0283
2013-08-01,0.0299
2013-08-02,0.0235
2013-08-05,0.0171
2013-08-06,0.0152
2013-08-07,0.0106
2013-08-08,0.0088
2013-08-09,0.007
2013-08-12,0.0065
2013-08-13,0.006
2013-08-14,0.0051
2013-08-15,0.0047
2013-08-16,0.0052
2013-08-19,0.0049
2013-08-20,0.0045
2013-08-21,0.0043
2013-08-22,0.004
2013-08-23,0.0033
2013-08-26,0.003
2013-08-27,0.0126
2013-08-28,0.0182
2013-08-29,0.0173
2013-08-30,0.0179
2013-09-03,0.0177
2013-09-04,0.0153
2013-09-05,0.0151
2013-09-06,0.0133
2013-09-09,0.0108
2013-09-10,0.0178
2013-09-11,0.0164
2013-09-12,0.0175
2013-09-13,0.014
2013-09-16,0.0165
2013-09-17,0.0152
2013-09-18,0.0081
2013-09-19,0.0156
2013-09-20,0.0123
2013-09-23,0.011
2013-09-24,0.0095
2013-09-25,0.0089
2013-09-26,0.0082
2013-09-27,0.0064
2013-09-30,0.0063
2013-10-01,0.007
2013-10-02,0.0064
2013-10-03,0.0056
2013-10-04,0.0056
2013-10-07,0.0045
2013-10-08,0.0044
2013-10-09,0.004
2013-10-10,0.005
2013-10-11,0.0045
2013-10-14,0.0037
2013-10-15,0.0034
2013-10-16,0.0031
2013-10-17,0.0028
2013-10-18,0.0032
2013-10-21,0.0028
2013-10-22,0.0029
2013-10-23,0.0036
2013-10-24,0.0028
2013-10-25,0.0025
2013-10-28,0.002
2013-10-29,0.0023
2013-10-30,0.0029
2013-10-31,0.0076
2013-11-01,0.0077
2013-11-04,0.005
2013-11-05,0.0077
2013-11-06,0.0049
2013-11-07,0.0107
2013-11-08,0.0108
2013-11-11,0.0068
2013-11-12,0.0068
2013-11-13,0.0054
2013-11-14,0.0042
2013-11-15,0.0042
2013-11-18,0.0048
2013-11-19,0.0058
2013-11-20,0.0079
2013-11-21,0.0098
2013-11-22,0.0124
2013-11-25,0.0157
2013-11-26,0.0187
2013-11-27,0.0187
2013-11-29,0.0154
2013-12-02,0.0216
2013-12-03,0.0475
2013-12-04,0.0464
2013-12-05,0.0478
2013-12-06,0.0467
2013-12-09,0.0406
2013-12-10,0.0375
2013-12-11,0.04
2013-12-12,0.0409
2013-12-13,0.039
2013-12-16,0.0353
2013-12-17,0.0341
2013-12-18,0.0411
2013-12-19,0.0318
2013-12-20,0.0234
2013-12-23,0.0169
2013-12-24,0.0137
2013-12-26,0.0144
2013-12-27,0.0168
2013-12-30,0.0154
2013-12-31,0.0154
2014-01-02,0.0289
2014-01-03,0.0279
2014-01-06,0.0247
2014-01-07,0.0174
2014-01-08,0.0141
2014-01-09,0.0107
2014-01-10,0.0116
2014-01-13,0.0124
2014-01-14,0.0139
2014-01-15,0.0131
2014-01-16,0.0152
2014-01-17,0.0171
2014-01-21,0.01
2014-01-22,0.0082
2014-01-23,0.0111
2014-01-24,0.0329
2014-01-27,0.0325
2014-01-28,0.0265
2014-01-29,0.0249
2014-01-30,0.0254
2014-01-31,0.0327
2014-02-03,0.0412
2014-02-04,0.039
2014-02-05,0.0276
2014-02-06,0.0301
2014-02-07,0.0263
2014-02-10,0.0215
2014-02-11,0.0188
2014-02-12,0.0179
2014-02-13,0.0146
2014-02-14,0.0123
2014-02-18,0.0093
2014-02-19,0.0083
2014-02-20,0.0088
2014-02-21,0.0088
2014-02-24,0.0088
2014-02-25,0.0092
2014-02-26,0.0097
2014-02-27,0.0105
2014-02-28,0.0092
2014-03-03,0.0385
2014-03-04,0.0309
2014-03-05,0.0243
2014-03-06,0.0255
2014-03-07,0.0254
2014-03-10,0.021
2014-03-11,0.0158
2014-03-12,0.0146
2014-03-13,0.0166
2014-03-14,0.0145
2014-03-17,0.012
2014-03-18,0.0093
2014-03-19,0.0089
2014-03-20,0.0081
2014-03-21,0.0079
2014-03-24,0.0081
2014-03-25,0.0058
2014-03-26,0.0044
2014-03-27,0.0037
2014-03-28,0.0033
2014-03-31,0.0027
2014-04-01,0.0024
2014-04-02,0.0026
2014-04-03,0.0023
2014-04-04,0.0032
2014-04-07,0.0044
2014-04-08,0.0058
2014-04-09,0.0056
2014-04-10,0.0081
2014-04-11,0.0076
2014-04-14,0.0074
2014-04-15,0.0098
2014-04-16,0.0085
2014-04-17,0.0074
2014-04-21,0.004
2014-04-22,0.0037
2014-04-23,0.0029
2014-04-24,0.0026
2014-04-25,0.0038
2014-04-28,0.0031
2014-04-29,0.0025
2014-04-30,0.0026
2014-05-01,0.0024
2014-05-02,0.0029
2014-05-05,0.0029
2014-05-06,0.0029
2014-05-07,0.0029
2014-05-08,0.0033
2014-05-09,0.0026
2014-05-12,0.0017
2014-05-13,0.002
2014-05-14,0.0041
2014-05-15,0.0131
2014-05-16,0.012
2014-05-19,0.01
2014-05-20,0.0076
2014-05-21,0.0066
2014-05-22,0.0054
2014-05-23,0.0038
2014-05-27,0.0021
2014-05-28,0.0033
2014-05-29,0.0028
2014-05-30,0.0024
2014-06-02,0.0024
2014-06-03,0.0042
2014-06-04,0.0044
2014-06-05,0.0042
2014-06-06,0.0088
2014-06-09,0.0077
2014-06-10,0.0068
2014-06-11,0.0066
2014-06-12,0.0061
2014-06-13,0.0049
2014-06-16,0.0042
2014-06-17,0.0044
2014-06-18,0.0039
2014-06-19,0.0037
2014-06-20,0.0031
2014-06-23,0.0033
2014-06-24,0.0033
2014-06-25,0.0054
2014-06-26,0.0052
2014-06-27,0.0051
2014-06-30,0.0062
2014-07-01,0.0068
2014-07-02,0.0064
2014-07-03,0.0065
2014-07-07,0.008
2014-07-08,0.0117
2014-07-09,0.0094
2014-07-10,0.0138
2014-07-11,0.012
2014-07-14,0.0107
2014-07-15,0.0125
2014-07-16,0.0118
2014-07-17,0.0132
2014-07-18,0.0113
2014-07-21,0.0109
2014-07-22,0.0101
2014-07-23,0.0085
2014-07-24,0.0069
2014-07-25,0.007
2014-07-28,0.0066
2014-07-29,0.0067
2014-07-30,0.0074
2014-07-31,0.0071
2014-08-01,0.0102
2014-08-04,0.0088
2014-08-05,0.0083
2014-08-06,0.0123
2014-08-07,0.016
2014-08-08,0.0194
2014-08-11,0.0194
2014-08-12,0.0175
2014-08-13,0.0174
2014-08-14,0.0146
2014-08-15,0.0154
2014-08-18,0.0155
2014-08-19,0.0124
2014-08-20,0.011
2014-08-21,0.011
2014-08-22,0.0112
2014-08-25,0.0104
2014-08-26,0.0082
2014-08-27,0.0085
2014-08-28,0.0082
2014-08-29,0.0093
2014-09-02,0.0197
2014-09-03,0.0162
2014-09-04,0.0238
2014-09-05,0.0228
2014-09-08,0.0194
2014-09-09,0.0174
2014-09-10,0.0137
2014-09-11,0.0101
2014-09-12,0.01
2014-09-15,0.009
2014-09-16,0.0091
2014-09-17,0.0099
2014-09-18,0.0113
2014-09-19,0.0156
2014-09-22,0.016
2014-09-23,0.0217
2014-09-24,0.0219
2014-09-25,0.0249
2014-09-26,0.0264
2014-09-29,0.0233
2014-09-30,0.0232
2014-10-01,0.0276
2014-10-02,0.0336
2014-10-03,0.0334
2014-10-06,0.0335
2014-10-07,0.031
2014-10-08,0.03
2014-10-09,0.0273
2014-10-10,0.0273
2014-10-13,0.0292
2014-10-14,0.0298
2014-10-15,0.0691
2014-10-16,0.087
2014-10-17,0.0863
2014-10-20,0.0857
2014-10-21,0.077
2014-10-22,0.0685
2014-10-23,0.0523
2014-10-24,0.0455
2014-10-27,0.0383
2014-10-28,0.0299
2014-10-29,0.0295
2014-10-30,0.0272
2014-10-31,0.0231
2014-11-03,0.0154
2014-11-04,0.0156
2014-11-05,0.0128
2014-11-06,0.0125
2014-11-07,0.0114
2014-11-10,0.0101
2014-11-11,0.0094
2014-11-12,0.0091
2014-11-13,0.0072
2014-11-14,0.0062
2014-11-17,0.0057
2014-11-18,0.0056
2014-11-19,0.0051
2014-11-20,0.0046
2014-11-21,0.0082
2014-11-24,0.0079
2014-11-25,0.0062
2014-11-26,0.0048
2014-11-28,0.005
2014-12-01,0.0057
2014-12-02,0.0082
2014-12-03,0.0085
2014-12-04,0.0086
2014-12-05,0.0083
2014-12-08,0.0103
2014-12-09,0.0135
2014-12-10,0.0134
2014-12-11,0.011
2014-12-12,0.0175
2014-12-15,0.0209
2014-12-16,0.0201
2014-12-17,0.0239
2014-12-18,0.0241
2014-12-19,0.026
2014-12-22,0.022
2014-12-23,0.02
2014-12-24,0.0168
2014-12-26,0.0128
2014-12-29,0.0098
2014-12-30,0.0077
2014-12-31,0.0072
2015-01-02,0.0065
2015-01-05,0.0128
2015-01-06,0.0264
2015-01-07,0.0297
2015-01-08,0.0264
2015-01-09,0.0312
2015-01-12,0.0259
2015-01-13,0.0226
2015-01-14,0.0242
2015-01-15,0.0332
2015-01-16,0.0372
2015-01-20,0.0429
2015-01-21,0.043
2015-01-22,0.0826
2015-01-23,0.109
2015-01-26,0.1202
2015-01-27,0.1156
2015-01-28,0.1164
2015-01-29,0.1201
2015-01-30,0.115
2015-02-02,0.1107
2015-02-03,0.1325
2015-02-04,0.1343
2015-02-05,0.125
2015-02-06,0.1113
2015-02-09,0.1
2015-02-10,0.0987
2015-02-11,0.086
2015-02-12,0.0948
2015-02-13,0.0903
2015-02-17,0.0758
2015-02-18,0.0804
2015-02-19,0.0727
2015-02-20,0.0617
2015-02-23,0.0586
2015-02-24,0.0485
2015-02-25,0.034
2015-02-26,0.0504
2015-02-27,0.0413
2015-03-02,0.0322
2015-03-03,0.0242
2015-03-04,0.0273
2015-03-05,0.026
2015-03-06,0.0323
2015-03-09,0.0318
2015-03-10,0.0619
2015-03-11,0.1116
2015-03-12,0.1351
2015-03-13,0.1472
2015-03-16,0.1549
2015-03-17,0.1506
2015-03-18,0.1706
2015-03-19,0.1747
2015-03-20,0.1932
2015-03-23,0.1948
2015-03-24,0.1958
2015-03-25,0.1843
2015-03-26,0.1782
2015-03-27,0.1662
2015-03-30,0.1727
2015-03-31,0.1735
2015-04-01,0.1652
2015-04-02,0.166
2015-04-06,0.1244
2015-04-07,0.1288
2015-04-08,0.1106
2015-04-09,0.1157
2015-04-10,0.1126
2015-04-13,0.1066
2015-04-14,0.0859
2015-04-15,0.0728
2015-04-16,0.0629
2015-04-17,0.0692
2015-04-20,0.0736
2015-04-21,0.0679
2015-04-22,0.0589
2015-04-23,0.0654
2015-04-24,0.0663
2015-04-27,0.0745
2015-04-28,0.0719
2015-04-29,0.0782
2015-04-30,0.1046
2015-05-01,0.1149
2015-05-04,0.1193
2015-05-05,0.1194
2015-05-06,0.136
2015-05-07,0.1307
2015-05-08,0.1421
2015-05-11,0.1366
2015-05-12,0.1268
2015-05-13,0.1304
2015-05-14,0.1229
2015-05-15,0.1165
2015-05-18,0.1135
2015-05-19,0.1292
2015-05-20,0.1226
2015-05-21,0.1145
2015-05-22,0.1059
2015-05-26,0.0959
2015-05-27,0.1002
2015-05-28,0.0908
2015-05-29,0.0941
2015-06-01,0.0912
2015-06-02,0.1103
2015-06-03,0.1183
2015-06-04,0.1203
2015-06-05,0.1282
2015-06-08,0.1416
2015-06-09,0.1419
2015-06-10,0.1554
2015-06-11,0.1477
2015-06-12,0.1522
2015-06-15,0.1592
2015-06-16,0.1565
2015-06-17,0.1574
2015-06-18,0.1579
2015-06-19,0.1479
2015-06-22,0.1558
2015-06-23,0.1677
2015-06-24,0.1594
2015-06-25,0.1519
2015-06-26,0.1469
2015-06-29,0.1749
2015-06-30,0.1944
2015-07-01,0.2009
2015-07-02,0.2005
2015-07-06,0.208
2015-07-07,0.2277
2015-07-08,0.2274
2015-07-09,0.2288
2015-07-10,0.2307
2015-07-13,0.2608
2015-07-14,0.2621
2015-07-15,0.2601
2015-07-16,0.2554
2015-07-17,0.2455
2015-07-20,0.23
2015-07-21,0.2306
2015-07-22,0.2139
2015-07-23,0.2011
2015-07-24,0.1843
2015-07-27,0.1978
2015-07-28,0.1933
2015-07-29,0.1852
2015-07-30,0.1781
2015-07-31,0.1639
2015-08-03,0.1486
2015-08-04,0.1416
2015-08-05,0.139
2015-08-06,0.1306
2015-08-07,0.1225
2015-08-10,0.1117
2015-08-11,0.1108
2015-08-12,0.1335
2015-08-13,0.132
2015-08-14,0.1298
2015-08-17,0.1262
2015-08-18,0.1304
2015-08-19,0.1303
2015-08-20,0.163
2015-08-21,0.2024
2015-08-24,0.2399
2015-08-25,0.263
2015-08-26,0.2859
2015-08-27,0.284
2015-08-28,0.2909
2015-08-31,0.2949
2015-09-01,0.3033
2015-09-02,0.3076
2015-09-03,0.2983
2015-09-04,0.3094
2015-09-08,0.3025
2015-09-09,0.2891
2015-09-10,0.2873
2015-09-11,0.2894
2015-09-14,0.2789
2015-09-15,0.2762
2015-09-16,0.2669
2015-09-17,0.2586
2015-09-18,0.3157
2015-09-21,0.3309
2015-09-22,0.3658
2015-09-23,0.3824
2015-09-24,0.3834
2015-09-25,0.3693
2015-09-28,0.3668
2015-09-29,0.3455
2015-09-30,0.3358
2015-10-01,0.3137
2015-10-02,0.2953
2015-10-05,0.2795
2015-10-06,0.2666
2015-10-07,0.2665
2015-10-08,0.2501
2015-10-09,0.2397
2015-10-12,0.2333
2015-10-13,0.2335
2015-10-14,0.2374
2015-10-15,0.2235
2015-10-16,0.2128
2015-10-19,0.1985
2015-10-20,0.1982
2015-10-21,0.1966
2015-10-22,0.2229
2015-10-23,0.2224
2015-10-26,0.2188
2015-10-27,0.2248
2015-10-28,0.2279
2015-10-29,0.2295
2015-10-30,0.2226
2015-11-02,0.2122
2015-11-03,0.1993
2015-11-04,0.1922
2015-11-05,0.1844
2015-11-06,0.1897
2015-11-09,0.1999
2015-11-10,0.192
2015-11-11,0.1821
2015-11-12,0.2027
2015-11-13,0.2052
2015-11-16,0.2106
2015-11-17,0.2107
2015-11-18,0.1975
2015-11-19,0.1946
2015-11-20,0.1789
2015-11-23,0.1677
2015-11-24,0.1668
2015-11-25,0.1634
2015-11-27,0.124
2015-11-30,0.1074
2015-12-01,0.0917
2015-12-02,0.0846
2015-12-03,0.1837
2015-12-04,0.2069
2015-12-07,0.2286
2015-12-08,0.2641
2015-12-09,0.2711
2015-12-10,0.2838
2015-12-11,0.2954
2015-12-14,0.3043
2015-12-15,0.3001
2015-12-16,0.2861
2015-12-17,0.2796
2015-12-18,0.2786
2015-12-21,0.279
2015-12-22,0.2773
2015-12-23,0.2724
2015-12-24,0.2641
2015-12-28,0.2419
2015-12-29,0.2324
2015-12-30,0.2154
2015-12-31,0.1966
2016-01-04,0.1981
2016-01-05,0.18
2016-01-06,0.1815
2016-01-07,0.2114
2016-01-08,0.2322
2016-01-11,0.2416
2016-01-12,0.2419
2016-01-13,0.2346
2016-01-14,0.2347
2016-01-15,0.2617
2016-01-19,0.2479
2016-01-20,0.2729
2016-01-21,0.2695
2016-01-22,0.2589
2016-01-25,0.256
2016-01-26,0.2579
2016-01-27,0.2537
2016-01-28,0.255
2016-01-29,0.2431
2016-02-01,0.2324
2016-02-02,0.2403
2016-02-03,0.2464
2016-02-04,0.2642
2016-02-05,0.2706
2016-02-08,0.3173
2016-02-09,0.3356
2016-02-10,0.305
2016-02-11,0.3461
2016-02-12,0.3584
2016-02-16,0.3592
2016-02-17,0.3393
2016-02-18,0.3215
2016-02-19,0.309
2016-02-22,0.3187
2016-02-23,0.3109
2016-02-24,0.314
2016-02-25,0.295
2016-02-26,0.2815
2016-02-29,0.2948
2016-03-01,0.3037
2016-03-02,0.3184
2016-03-03,0.3054
2016-03-04,0.3006
2016-03-07,0.2978
2016-03-08,0.2942
2016-03-09,0.2897
2016-03-10,0.2997
2016-03-11,0.3212
2016-03-14,0.3126
2016-03-15,0.3108
2016-03-16,0.3064
2016-03-17,0.319
2016-03-18,0.3077
2016-03-21,0.2891
2016-03-22,0.278
2016-03-23,0.2556
2016-03-24,0.2526
2016-03-28,0.2116
2016-03-29,0.2
2016-03-30,0.2006
2016-03-31,0.1979
2016-04-01,0.196
2016-04-04,0.1871
2016-04-05,0.1944
2016-04-06,0.1914
2016-04-07,0.1885
2016-04-08,0.1963
2016-04-11,0.1959
2016-04-12,0.1829
2016-04-13,0.1848
2016-04-14,0.1819
2016-04-15,0.172
2016-04-18,0.1635
2016-04-19,0.1623
2016-04-20,0.1556
2016-04-21,0.1461
2016-04-22,0.1599
2016-04-25,0.1705
2016-04-26,0.1724
2016-04-27,0.1721
2016-04-28,0.1823
2016-04-29,0.2155
2016-05-02,0.2117
2016-05-03,0.2527
2016-05-04,0.2564
2016-05-05,0.2552
2016-05-06,0.254
2016-05-09,0.2415
2016-05-10,0.235
2016-05-11,0.2256
2016-05-12,0.2133
2016-05-13,0.1972
2016-05-16,0.1758
2016-05-17,0.1596
2016-05-18,0.1566
2016-05-19,0.1451
2016-05-20,0.1415
2016-05-23,0.1432
2016-05-24,0.1621
2016-05-25,0.1704
2016-05-26,0.1721
2016-05-27,0.1615
2016-05-31,0.1622
2016-06-01,0.1603
2016-06-02,0.1549
2016-06-03,0.1383
2016-06-06,0.1503
2016-06-07,0.1526
2016-06-08,0.1524
2016-06-09,0.1538
2016-06-10,0.1897
2016-06-13,0.212
2016-06-14,0.2254
2016-06-15,0.2275
2016-06-16,0.2478
2016-06-17,0.2473
2016-06-20,0.2622
2016-06-21,0.2677
2016-06-22,0.2605
2016-06-23,0.2748
2016-06-24,0.3593
2016-06-27,0.4163
2016-06-28,0.4459
2016-06-29,0.4606
2016-06-30,0.47
2016-07-01,0.463
2016-07-05,0.4656
2016-07-06,0.4581
2016-07-07,0.4455
2016-07-08,0.4292
2016-07-11,0.4133
2016-07-12,0.4095
2016-07-13,0.3962
2016-07-14,0.3841
2016-07-15,0.3792
2016-07-18,0.3658
2016-07-19,0.3566
2016-07-20,0.3462
2016-07-21,0.3324
2016-07-22,0.3206
2016-07-25,0.3061
2016-07-26,0.2921
2016-07-27,0.2958
2016-07-28,0.2847
2016-07-29,0.2759
2016-08-01,0.2638
2016-08-02,0.2872
2016-08-03,0.273
2016-08-04,0.2894
2016-08-05,0.2893
2016-08-08,0.2833
2016-08-09,0.2791
2016-08-10,0.2657
2016-08-11,0.2526
2016-08-12,0.2384
2016-08-15,0.2255
2016-08-16,0.2097
2016-08-17,0.2038
2016-08-18,0.191
2016-08-19,0.1895
2016-08-22,0.1864
2016-08-23,0.186
2016-08-24,0.1789
2016-08-25,0.1724
2016-08-26,0.1575
2016-08-29,0.1519
2016-08-30,0.1476
2016-08-31,0.1448
2016-09-01,0.1457
2016-09-02,0.1333
2016-09-06,0.1161
2016-09-07,0.1213
2016-09-08,0.1234
2016-09-09,0.1125
2016-09-12,0.1149
2016-09-13,0.1368
2016-09-14,0.136
2016-09-15,0.1305
2016-09-16,0.1392
2016-09-19,0.1382
2016-09-20,0.1399
2016-09-21,0.1291
2016-09-22,0.1564
2016-09-23,0.1766
2016-09-26,0.196
2016-09-27,0.2048
2016-09-28,0.2032
2016-09-29,0.1965
2016-09-30,0.1891
2016-10-03,0.1884
2016-10-04,0.1719
2016-10-05,0.1755
2016-10-06,0.1689
2016-10-07,0.1713
2016-10-10,0.1711
2016-10-11,0.158
2016-10-12,0.1462
2016-10-13,0.1541
2016-10-14,0.1573
2016-10-17,0.1619
2016-10-18,0.1771
2016-10-19,0.1733
2016-10-20,0.1706
2016-10-21,0.1516
2016-10-24,0.1459
2016-10-25,0.1411
2016-10-26,0.1408
2016-10-27,0.1426
2016-10-28,0.1388
2016-10-31,0.1461
2016-11-01,0.1423
2016-11-02,0.1516
2016-11-03,0.1682
2016-11-04,0.1717
2016-11-07,0.159
2016-11-08,0.1573
2016-11-09,0.1597
2016-11-10,0.1695
2016-11-11,0.1737
2016-11-14,0.163
2016-11-15,0.1678
2016-11-16,0.1715
2016-11-17,0.1702
2016-11-18,0.1656
2016-11-21,0.1628
2016-11-22,0.1732
2016-11-23,0.1712
2016-11-25,0.1569
2016-11-28,0.1618
2016-11-29,0.1562
2016-11-30,0.1537
2016-12-01,0.1492
2016-12-02,0.1688
2016-12-05,0.1623
2016-12-06,0.1712
2016-12-07,0.1728
2016-12-08,0.1725
2016-12-09,0.1866
2016-12-12,0.1916
2016-12-13,0.1924
2016-12-14,0.2042
2016-12-15,0.2027
2016-12-16,0.1981
2016-12-19,0.2019
2016-12-20,0.1954
2016-12-21,0.1895
2016-12-22,0.1849
2016-12-23,0.1709
2016-12-27,0.1433
2016-12-28,0.1295
2016-12-29,0.1225
2016-12-30,0.1154
2017-01-03,0.1082
2017-01-04,0.1017
2017-01-05,0.0997
2017-01-06,0.0997
2017-01-09,0.1017
2017-01-10,0.1031
2017-01-11,0.0993
2017-01-12,0.1001
2017-01-13,0.0934
2017-01-17,0.1044
2017-01-18,0.1037
2017-01-19,0.104
2017-01-20,0.1021
2017-01-23,0.1054
2017-01-24,0.1008
2017-01-25,0.1019
2017-01-26,0.1011
2017-01-27,0.1011
2017-01-30,0.1031
2017-01-31,0.1055
2017-02-01,0.1098
2017-02-02,0.1201
2017-02-03,0.1201
2017-02-06,0.1302
2017-02-07,0.1341
2017-02-08,0.1405
2017-02-09,0.1292
2017-02-10,0.1199
2017-02-13,0.1092
2017-02-14,0.1039
2017-02-15,0.0966
2017-02-16,0.0928
2017-02-17,0.0892
2017-02-21,0.0792
2017-02-22,0.0798
2017-02-23,0.082
2017-02-24,0.0833
2017-02-27,0.0793
2017-02-28,0.0767
2017-03-01,0.0785
2017-03-02,0.0821
2017-03-03,0.0803
2017-03-06,0.0828
2017-03-07,0.0856
2017-03-08,0.0875
2017-03-09,0.0849
2017-03-10,0.0862
2017-03-13,0.0935
2017-03-14,0.0926
2017-03-15,0.085
2017-03-16,0.0872
2017-03-17,0.0837
2017-03-20,0.0818
2017-03-21,0.0689
2017-03-22,0.0685
2017-03-23,0.0619
2017-03-24,0.0607
2017-03-27,0.0532
2017-03-28,0.0511
2017-03-29,0.0522
2017-03-30,0.0524
2017-03-31,0.0517
2017-04-03,0.0604
2017-04-04,0.0698
2017-04-05,0.0708
2017-04-06,0.0723
2017-04-07,0.072
2017-04-10,0.0648
2017-04-11,0.0545
2017-04-12,0.0553
2017-04-13,0.0488
2017-04-17,0.048
2017-04-18,0.0454
2017-04-19,0.0435
2017-04-20,0.0437
2017-04-21,0.0458
2017-04-24,0.0403
2017-04-25,0.0636
2017-04-26,0.0741
2017-04-27,0.0837
2017-04-28,0.0851
2017-05-01,0.0839
2017-05-02,0.0815
2017-05-03,0.0717
2017-05-04,0.0757
2017-05-05,0.0732
2017-05-08,0.0618
2017-05-09,0.0566
2017-05-10,0.049
2017-05-11,0.0401
2017-05-12,0.0396
2017-05-15,0.0367
2017-05-16,0.0325
2017-05-17,0.0417
2017-05-18,0.0397
2017-05-19,0.041
2017-05-22,0.0381
2017-05-23,0.0316
2017-05-24,0.0246
2017-05-25,0.0195
2017-05-26,0.0192
2017-05-30,0.0148
2017-05-31,0.0118
2017-06-01,0.01
2017-06-02,0.0089
2017-06-05,0.0075
2017-06-06,0.0049
2017-06-07,0.0053
2017-06-08,0.0047
2017-06-09,0.0108
2017-06-12,0.0108
2017-06-13,0.013
2017-06-14,0.0125
2017-06-15,0.0072
2017-06-16,0.0073
2017-06-19,0.0077
2017-06-20,0.0085
2017-06-21,0.0091
2017-06-22,0.0099
2017-06-23,0.0092
2017-06-26,0.0096
2017-06-27,0.0086
2017-06-28,0.0091
2017-06-29,0.0167
2017-06-30,0.0167
2017-07-03,0.0162
2017-07-05,0.012
2017-07-06,0.0143
2017-07-07,0.0119
2017-07-10,0.0108
2017-07-11,0.0086
2017-07-12,0.0117
2017-07-13,0.0111
2017-07-14,0.0104
2017-07-17,0.01
2017-07-18,0.0085
2017-07-19,0.0087
2017-07-20,0.0075
2017-07-21,0.0086
2017-07-24,0.0074
2017-07-25,0.0077
2017-07-26,0.0067
2017-07-27,0.0062
2017-07-28,0.0054
2017-07-31,0.0047
2017-08-01,0.0054
2017-08-02,0.0048
2017-08-03,0.0051
2017-08-04,0.0048
2017-08-07,0.0049
2017-08-08,0.0051
2017-08-09,0.0079
2017-08-10,0.009
2017-08-11,0.0107
2017-08-14,0.0112
2017-08-15,0.0094
2017-08-16,0.0079
2017-08-17,0.0074
2017-08-18,0.0065
2017-08-21,0.0058
2017-08-22,0.0054
2017-08-23,0.0041
2017-08-24,0.0035
2017-08-25,0.0018
2017-08-28,0.0014
2017-08-29,0.0034
2017-08-30,0.0045
2017-08-31,0.0036
2017-09-01,0.0028
2017-09-05,0.003
2017-09-06,0.0023
2017-09-07,0.0023
2017-09-08,0.0024
2017-09-11,0.0036
2017-09-12,0.0077
2017-09-13,0.0069
2017-09-14,0.0084
2017-09-15,0.0097
2017-09-18,0.0091
2017-09-19,0.0083
2017-09-20,0.0068
2017-09-21,0.0064
2017-09-22,0.0078
2017-09-25,0.0049
2017-09-26,0.0057
2017-09-27,0.0047
2017-09-28,0.0055
2017-09-29,0.0076
2017-10-02,0.0073
2017-10-03,0.0097
2017-10-04,0.009
2017-10-05,0.0109
2017-10-06,0.0114
2017-10-09,0.0143
2017-10-10,0.0123
2017-10-11,0.0118
2017-10-12,0.0113
2017-10-13,0.0084
2017-10-16,0.0067
2017-10-17,0.0058
2017-10-18,0.0034
2017-10-19,0.0045
2017-10-20,0.0043
2017-10-23,0.0039
2017-10-24,0.0041
2017-10-25,0.004
2017-10-26,0.0082
2017-10-27,0.0101
2017-10-30,0.0096
2017-10-31,0.0091
2017-11-01,0.0075
2017-11-02,0.0088
2017-11-03,0.0074
2017-11-06,0.0068
2017-11-07,0.0059
2017-11-08,0.0075
2017-11-09,0.003
2017-11-10,0.0032
2017-11-13,0.0035
2017-11-14,0.0018
2017-11-15,0.0019
2017-11-16,0.0022
2017-11-17,0.0018
2017-11-20,0.0025
2017-11-21,0.0028
2017-11-22,0.0019
2017-11-24,0.0011
2017-11-27,0.0007
2017-11-28,0.0012
2017-11-29,0.0008
2017-11-30,0.0013
2017-12-01,0.0042
2017-12-04,0.0052
2017-12-05,0.0043
2017-12-06,0.0045
2017-12-07,0.0032
2017-12-08,0.0032
2017-12-11,0.0032
2017-12-12,0.0032
2017-12-13,0.002
2017-12-14,0.0016
2017-12-15,0.0017
2017-12-18,0.0018
2017-12-19,0.003
2017-12-20,0.0035
2017-12-21,0.0023
2017-12-22,0.0019
2017-12-26,0.0016
2017-12-27,0.0015
2017-12-28,0.0012
2017-12-29,0.0013
2018-01-02,0.0015
2018-01-03,0.0014
2018-01-04,0.0024
2018-01-05,0.0019
2018-01-08,0.0019
2018-01-09,0.0017
2018-01-10,0.0032
2018-01-11,0.0058
2018-01-12,0.0091
2018-01-16,0.0035
2018-01-17,0.0039
2018-01-18,0.002
2018-01-19,0.0012
2018-01-22,0.0012
2018-01-23,0.0011
2018-01-24,0.0023
2018-01-25,0.002
2018-01-26,0.0013
2018-01-29,0.0015
2018-01-30,0.002
2018-01-31,0.0013
2018-02-01,0.0016
2018-02-02,0.0073
2018-02-05,0.0207
2018-02-06,0.0342
2018-02-07,0.0448
2018-02-08,0.0503
2018-02-09,0.0496
2018-02-12,0.0455
2018-02-13,0.0409
2018-02-14,0.035
2018-02-15,0.0311
2018-02-16,0.0318
2018-02-20,0.0248
2018-02-21,0.0212
2018-02-22,0.0188
2018-02-23,0.0165
2018-02-26,0.0139
2018-02-27,0.0118
2018-02-28,0.0094
2018-03-01,0.0111
2018-03-02,0.0153
2018-03-05,0.0155
2018-03-06,0.0134
2018-03-07,0.0128
2018-03-08,0.0108
2018-03-09,0.0093
2018-03-12,0.0083
2018-03-13,0.0085
2018-03-14,0.0075
2018-03-15,0.0056
2018-03-16,0.0048
2018-03-19,0.0062
2018-03-20,0.0053
2018-03-21,0.0048
2018-03-22,0.0159
2018-03-23,0.0232
2018-03-26,0.0321
2018-03-27,0.0366
2018-03-28,0.0387
2018-03-29,0.0366
2018-04-02,0.0264
2018-04-03,0.0219
2018-04-04,0.0193
2018-04-05,0.0217
2018-04-06,0.02
2018-04-09,0.0188
2018-04-10,0.0171
2018-04-11,0.0168
2018-04-12,0.0135
2018-04-13,0.0139
2018-04-16,0.0124
2018-04-17,0.0129
2018-04-18,0.01
2018-04-19,0.0056
2018-04-20,0.0047
2018-04-23,0.0035
2018-04-24,0.0034
2018-04-25,0.0035
2018-04-26,0.0028
2018-04-27,0.0025
2018-04-30,0.0025
2018-05-01,0.0027
2018-05-02,0.0025
2018-05-03,0.0017
2018-05-04,0.0017
2018-05-07,0.0024
2018-05-08,0.0023
2018-05-09,0.0029
2018-05-10,0.0036
2018-05-11,0.0041
2018-05-14,0.0035
2018-05-15,0.0025
2018-05-16,0.0023
2018-05-17,0.0024
2018-05-18,0.0044
2018-05-21,0.0072
2018-05-22,0.0092
2018-05-23,0.0123
2018-05-24,0.0158
2018-05-25,0.0206
2018-05-29,0.0557
2018-05-30,0.0722
2018-05-31,0.0797
2018-06-01,0.0768
2018-06-04,0.0747
2018-06-05,0.0776
2018-06-06,0.08
2018-06-07,0.0777
2018-06-08,0.0782
2018-06-11,0.0778
2018-06-12,0.0742
2018-06-13,0.0709
2018-06-14,0.078
2018-06-15,0.0754
2018-06-18,0.0715
2018-06-19,0.0684
2018-06-20,0.0624
2018-06-21,0.0591
2018-06-22,0.0514
2018-06-25,0.0519
2018-06-26,0.0485
2018-06-27,0.0516
2018-06-28,0.0487
2018-06-29,0.0516
2018-07-02,0.0593
2018-07-03,0.06
2018-07-05,0.0443
2018-07-06,0.0421
2018-07-09,0.0392
2018-07-10,0.039
2018-07-11,0.0407
2018-07-12,0.0414
2018-07-13,0.0391
2018-07-16,0.0345
2018-07-17,0.0341
2018-07-18,0.0351
2018-07-19,0.0324
2018-07-20,0.0253
2018-07-23,0.0226
2018-07-24,0.0197
2018-07-25,0.0201
2018-07-26,0.0168
2018-07-27,0.0185
2018-07-30,0.0136
2018-07-31,0.0135
2018-08-01,0.0093
2018-08-02,0.0067
2018-08-03,0.0069
2018-08-06,0.0079
2018-08-07,0.0072
2018-08-08,0.0067
2018-08-09,0.0056
2018-08-10,0.0143
2018-08-13,0.0182
2018-08-14,0.0194
2018-08-15,0.0235
2018-08-16,0.0225
2018-08-17,0.021
2018-08-20,0.0196
2018-08-21,0.0173
2018-08-22,0.0151
2018-08-23,0.0142
2018-08-24,0.0127
2018-08-27,0.0092
2018-08-28,0.0112
2018-08-29,0.0071
2018-08-30,0.0077
2018-08-31,0.0122
2018-09-04,0.014
2018-09-05,0.0163
2018-09-06,0.018
2018-09-07,0.0196
2018-09-10,0.0185
2018-09-11,0.0177
2018-09-12,0.0178
2018-09-13,0.0126
2018-09-14,0.0104
2018-09-17,0.0094
2018-09-18,0.0091
2018-09-19,0.0086
2018-09-20,0.0047
2018-09-21,0.0055
2018-09-24,0.0054
2018-09-25,0.0049
2018-09-26,0.0047
2018-09-27,0.0041
2018-09-28,0.0059
2018-10-01,0.0065
2018-10-02,0.0102
2018-10-03,0.0122
2018-10-04,0.0143
2018-10-05,0.017
2018-10-08,0.031
2018-10-09,0.0391
2018-10-10,0.0548
2018-10-11,0.0797
2018-10-12,0.0944
2018-10-15,0.0984
2018-10-16,0.1041
2018-10-17,0.1032
2018-10-18,0.1073
2018-10-19,0.1046
2018-10-22,0.1049
2018-10-23,0.1259
2018-10-24,0.1217
2018-10-25,0.1252
2018-10-26,0.1356
2018-10-29,0.1446
2018-10-30,0.1395
2018-10-31,0.1313
2018-11-01,0.1088
2018-11-02,0.111
2018-11-05,0.1154
2018-11-06,0.114
2018-11-07,0.1218
2018-11-08,0.1157
2018-11-09,0.1041
2018-11-12,0.0842
2018-11-13,0.0817
2018-11-14,0.0854
2018-11-15,0.0918
2018-11-16,0.0949
2018-11-19,0.1052
2018-11-20,0.1296
2018-11-21,0.1438
2018-11-23,0.1503
2018-11-26,0.1591
2018-11-27,0.1604
2018-11-28,0.1478
2018-11-29,0.1456
2018-11-30,0.129
2018-12-03,0.1386
2018-12-04,0.1358
2018-12-06,0.1556
2018-12-07,0.1631
2018-12-10,0.1873
2018-12-11,0.191
2018-12-12,0.199
2018-12-13,0.2002
2018-12-14,0.1877
2018-12-17,0.1957
2018-12-18,0.1957
2018-12-19,0.1887
2018-12-20,0.1964
2018-12-21,0.1749
2018-12-24,0.1768
2018-12-26,0.1589
2018-12-27,0.162
2018-12-28,0.1724
2018-12-31,0.1701
2019-01-02,0.1176
2019-01-03,0.1345
2019-01-04,0.1543
2019-01-07,0.1585
2019-01-08,0.1618
2019-01-09,0.1544
2019-01-10,0.1524
2019-01-11,0.1396
2019-01-14,0.1381
2019-01-15,0.1312
2019-01-16,0.1326
2019-01-17,0.1337
2019-01-18,0.1481
2019-01-22,0.1433
2019-01-23,0.1422
2019-01-24,0.1206
2019-01-25,0.1066
2019-01-28,0.1133
2019-01-29,0.1159
2019-01-30,0.1111
2019-01-31,0.1039
2019-02-01,0.1022
2019-02-04,0.089
2019-02-05,0.0966
2019-02-06,0.0926
2019-02-07,0.0976
2019-02-08,0.0976
2019-02-11,0.0947
2019-02-12,0.0897
2019-02-13,0.0873
2019-02-14,0.0854
2019-02-15,0.0935
2019-02-19,0.0893
2019-02-20,0.0892
2019-02-21,0.0786
2019-02-22,0.0706
2019-02-25,0.0675
2019-02-26,0.0608
2019-02-27,0.0563
2019-02-28,0.056
2019-03-01,0.0548
2019-03-04,0.0492
2019-03-05,0.0476
2019-03-06,0.042
2019-03-07,0.0276
2019-03-08,0.0382
2019-03-11,0.0519
2019-03-12,0.0563
2019-03-13,0.0616
2019-03-14,0.0596
2019-03-15,0.058
2019-03-18,0.0615
2019-03-19,0.0551
2019-03-20,0.0565
2019-03-21,0.0576
2019-03-22,0.0586
2019-03-25,0.0717
2019-03-26,0.0736
2019-03-27,0.0837
2019-03-28,0.0902
2019-03-29,0.0869
2019-04-01,0.0902
2019-04-02,0.0868
2019-04-03,0.0794
2019-04-04,0.0795
2019-04-05,0.0726
2019-04-08,0.0646
2019-04-09,0.055
2019-04-10,0.0477
2019-04-11,0.0426
2019-04-12,0.0394
2019-04-15,0.0374
2019-04-16,0.0359
2019-04-17,0.0311
2019-04-18,0.0286
2019-04-22,0.0255
2019-04-23,0.0248
2019-04-24,0.0246
2019-04-25,0.0224
2019-04-26,0.0202
2019-04-29,0.017
2019-04-30,0.0144
2019-05-01,0.0132
2019-05-02,0.0126
2019-05-03,0.0096
2019-05-06,0.0074
2019-05-07,0.0092
2019-05-08,0.0117
2019-05-09,0.0244
2019-05-10,0.0298
2019-05-13,0.0429
2019-05-14,0.0511
2019-05-15,0.0538
2019-05-16,0.0563
2019-05-17,0.0556
2019-05-20,0.0642
2019-05-21,0.0616
2019-05-22,0.0608
2019-05-23,0.0718
2019-05-24,0.0736
2019-05-28,0.0685
2019-05-29,0.0804
2019-05-30,0.0814
2019-05-31,0.0823
2019-06-03,0.0807
2019-06-04,0.086
2019-06-05,0.0821
2019-06-06,0.0781
2019-06-07,0.0789
2019-06-10,0.0706
2019-06-11,0.0648
2019-06-12,0.0647
2019-06-13,0.0584
2019-06-14,0.0547
2019-06-17,0.0447
2019-06-18,0.0308
2019-06-19,0.0247
2019-06-20,0.0257
2019-06-21,0.0252
2019-06-24,0.0214
2019-06-25,0.0215
2019-06-26,0.0192
2019-06-27,0.0215
2019-06-28,0.0204
2019-07-01,0.0166
2019-07-02,0.0162
2019-07-03,0.0145
2019-07-05,0.0126
2019-07-08,0.0128
2019-07-09,0.0133
2019-07-10,0.0114
2019-07-11,0.0129
2019-07-12,0.0145
2019-07-15,0.016
2019-07-16,0.0135
2019-07-17,0.0134
2019-07-18,0.0115
2019-07-19,0.0113
2019-07-22,0.0131
2019-07-23,0.0097
2019-07-24,0.0091
2019-07-25,0.0083
2019-07-26,0.0068
2019-07-29,0.0051
2019-07-30,0.0106
2019-07-31,0.0139
2019-08-01,0.0157
2019-08-02,0.0343
2019-08-05,0.058
2019-08-06,0.0714
2019-08-07,0.076
2019-08-08,0.0811
2019-08-09,0.104
2019-08-12,0.1074
2019-08-13,0.1049
2019-08-14,0.1184
2019-08-15,0.1257
2019-08-16,0.1462
2019-08-19,0.1526
2019-08-20,0.1631
2019-08-21,0.1606
2019-08-22,0.1749
2019-08-23,0.1816
2019-08-26,0.1705
2019-08-27,0.1671
2019-08-28,0.1675
2019-08-29,0.159
2019-08-30,0.1375
2019-09-03,0.1225
2019-09-04,0.1115
2019-09-05,0.1312
2019-09-06,0.1314
2019-09-09,0.1247
2019-09-10,0.1187
2019-09-11,0.1173
2019-09-12,0.1067
2019-09-13,0.135
2019-09-16,0.1124
2019-09-17,0.1035
2019-09-18,0.1041
2019-09-19,0.113
2019-09-20,0.1012
2019-09-23,0.1061
2019-09-24,0.1002
2019-09-25,0.0896
2019-09-26,0.0843
2019-09-27,0.0784
2019-09-30,0.0731
2019-10-01,0.0637
2019-10-02,0.0617
2019-10-03,0.0741
2019-10-04,0.0762
2019-10-07,0.0769
2019-10-08,0.0751
2019-10-09,0.0716
2019-10-10,0.0726
2019-10-11,0.0928
2019-10-14,0.0971
2019-10-15,0.1076
2019-10-16,0.1078
2019-10-17,0.1026
2019-10-18,0.097
2019-10-21,0.0954
2019-10-22,0.0893
2019-10-23,0.082
2019-10-24,0.0749
2019-10-25,0.0687
2019-10-28,0.0612
2019-10-29,0.0563
2019-10-30,0.0522
2019-10-31,0.0487
2019-11-01,0.0461
2019-11-04,0.0445
2019-11-05,0.0446
2019-11-06,0.039
2019-11-07,0.0421
2019-11-08,0.0416
2019-11-11,0.0382
2019-11-12,0.0355
2019-11-13,0.0399
2019-11-14,0.0405
2019-11-15,0.0397
2019-11-18,0.0366
2019-11-19,0.0359
2019-11-20,0.0318
2019-11-21,0.0292
2019-11-22,0.0298
2019-11-25,0.0239
2019-11-26,0.0242
2019-11-27,0.0175
2019-11-29,0.0152
2019-12-02,0.0084
2019-12-03,0.0146
2019-12-04,0.0209
2019-12-05,0.0238
2019-12-06,0.0259
2019-12-09,0.0259
2019-12-10,0.0243
2019-12-11,0.0247
2019-12-12,0.0231
2019-12-13,0.0254
2019-12-16,0.0266
2019-12-17,0.0281
2019-12-18,0.0289
2019-12-19,0.0278
2019-12-20,0.0277
2019-12-23,0.0307
2019-12-24,0.0326
2019-12-26,0.0341
2019-12-27,0.0337
2019-12-30,0.0262
2019-12-31,0.0365
2020-01-02,0.027
2020-01-03,0.0231
2020-01-06,0.02
2020-01-07,0.0184
2020-01-08,0.0176
2020-01-09,0.0168
2020-01-10,0.0159
2020-01-13,0.0174
2020-01-14,0.0178
2020-01-15,0.0151
2020-01-16,0.0133
2020-01-17,0.0098
2020-01-21,0.008
2020-01-22,0.0072
2020-01-23,0.0068
2020-01-24,0.0052
2020-01-27,0.0202
2020-01-28,0.0236
2020-01-29,0.0223
2020-01-30,0.0251
2020-01-31,0.0332
2020-02-03,0.0281
2020-02-04,0.0307
2020-02-05,0.0313
2020-02-06,0.0279
2020-02-07,0.023
2020-02-10,0.0178
2020-02-11,0.0188
2020-02-12,0.0192
2020-02-13,0.0194
2020-02-14,0.0172
2020-02-18,0.0149
2020-02-19,0.012
2020-02-20,0.0131
2020-02-21,0.0111
2020-02-24,0.0324
2020-02-25,0.0459
2020-02-26,0.0641
2020-02-27,0.1139
2020-02-28,0.1705
2020-03-02,0.2149
2020-03-03,0.2529
2020-03-04,0.2565
2020-03-05,0.2836
2020-03-06,0.3174
2020-03-09,0.4007
2020-03-10,0.451
2020-03-11,0.4694
2020-03-12,0.5116
2020-03-13,0.5636
2020-03-16,0.5848
2020-03-17,0.6186
2020-03-18,0.6359
2020-03-19,0.6347
2020-03-20,0.6722
2020-03-23,0.6655
2020-03-24,0.653
2020-03-25,0.6641
2020-03-26,0.6545
2020-03-27,0.6716
2020-03-30,0.6822
2020-03-31,0.6642
2020-04-01,0.6825
2020-04-02,0.6692
2020-04-03,0.662
2020-04-06,0.64
2020-04-07,0.6254
2020-04-08,0.6047
2020-04-09,0.5863
2020-04-13,0.5416
2020-04-14,0.519
2020-04-15,0.5255
2020-04-16,0.5078
2020-04-17,0.4892
2020-04-20,0.4672
2020-04-21,0.4798
2020-04-22,0.4761
2020-04-23,0.4604
2020-04-24,0.445
2020-04-27,0.43
2020-04-28,0.4112
2020-04-29,0.3948
2020-04-30,0.3813
2020-05-01,0.3924
2020-05-04,0.3694
2020-05-05,0.3631
2020-05-06,0.3665
2020-05-07,0.3662
2020-05-08,0.3612
2020-05-11,0.3496
2020-05-12,0.3542
2020-05-13,0.3446
2020-05-14,0.3355
2020-05-15,0.343
2020-05-18,0.3236
2020-05-19,0.3214
2020-05-20,0.313
2020-05-21,0.3057
2020-05-22,0.2872
2020-05-26,0.2634
2020-05-27,0.2662
2020-05-28,0.2476
2020-05-29,0.2464
2020-06-01,0.2614
2020-06-02,0.2445
2020-06-03,0.2442
2020-06-04,0.2437
2020-06-05,0.2399
2020-06-08,0.2475
2020-06-09,0.2509
2020-06-10,0.2489
2020-06-11,0.2769
2020-06-12,0.2739
2020-06-15,0.264
2020-06-16,0.2543
2020-06-17,0.2517
2020-06-18,0.25
2020-06-19,0.2437
2020-06-22,0.2232
2020-06-23,0.2083
2020-06-24,0.2064
2020-06-25,0.2066
2020-06-26,0.2061
2020-06-29,0.1981
2020-06-30,0.2011
2020-07-01,0.2152
2020-07-02,0.2284
2020-07-06,0.2176
2020-07-07,0.2126
2020-07-08,0.2041
2020-07-09,0.1917
2020-07-10,0.1819
2020-07-13,0.183
2020-07-14,0.1893
2020-07-15,0.1952
2020-07-16,0.1959
2020-07-17,0.1851
2020-07-20,0.1801
2020-07-21,0.1583
2020-07-22,0.1475
2020-07-23,0.1407
2020-07-24,0.1364
2020-07-27,0.1298
2020-07-28,0.1216
2020-07-29,0.1134
2020-07-30,0.1377
2020-07-31,0.1326
2020-08-03,0.1437
2020-08-04,0.138
2020-08-05,0.1324
2020-08-06,0.1406
2020-08-07,0.132
2020-08-10,0.1214
2020-08-11,0.1333
2020-08-12,0.1209
2020-08-13,0.1264
2020-08-14,0.1293
2020-09-29,0.1234
2020-10-01,0.1258
2020-10-02,0.1312
2020-10-05,0.1137
2020-10-06,0.1077
2020-10-07,0.1042
2020-10-08,0.0955
2020-10-09,0.0928
2020-10-12,0.0872
2020-10-13,0.0817
2020-10-14,0.0771
2020-10-15,0.0929
2020-10-16,0.0955
2020-10-19,0.0917
2020-10-20,0.081
2020-10-21,0.0926
2020-10-22,0.0929
2020-10-23,0.0996
2020-10-26,0.1146
2020-10-27,0.1135
2020-10-28,0.1253
2020-10-29,0.1223
2020-10-30,0.1197
2020-11-02,0.1248
2020-11-03,0.1192
2020-11-04,0.1244
2020-11-05,0.1121
2020-11-06,0.1072
2020-11-09,0.0583
2020-11-10,0.0689
2020-11-11,0.0717
2020-11-12,0.0897
2020-11-13,0.0969
2020-11-16,0.1003
2020-11-17,0.1012
2020-11-18,0.099
2020-11-19,0.0979
2020-11-20,0.0921
2020-11-23,0.0855
2020-11-24,0.0733
2020-11-25,0.0647
2020-11-27,0.0586
2020-11-30,0.0536
2020-12-01,0.0315
2020-12-02,0.0305
2020-12-03,0.0283
2020-12-04,0.0277
2020-12-07,0.026
2020-12-08,0.0229
2020-12-09,0.0198
2020-12-10,0.0217
2020-12-11,0.0243
2020-12-14,0.0244
2020-12-15,0.0278
2020-12-16,0.0237
2020-12-17,0.0216
2020-12-18,0.0227
2020-12-21,0.0259
2020-12-22,0.0289
2020-12-23,0.0278
2020-12-24,0.0283
2020-12-28,0.0336
2020-12-29,0.0308
2020-12-30,0.0284
2020-12-31,0.0248
2021-01-04,0.0244
2021-01-05,0.0209
2021-01-06,0.0208
2021-01-07,0.0218
2021-01-08,0.0218
2021-01-11,0.0155
2021-01-12,0.0152
2021-01-13,0.014
2021-01-14,0.0181
2021-01-15,0.0113
2021-01-19,0.0105
2021-01-20,0.0104
2021-01-21,0.0097
2021-01-22,0.0111
2021-01-25,0.0098
2021-01-26,0.0105
2021-01-27,0.0125
2021-01-28,0.0161
2021-01-29,0.0178
2021-02-01,0.0202
2021-02-02,0.023
2021-02-03,0.0276
2021-02-04,0.0215
2021-02-05,0.0195
2021-02-08,0.0221
2021-02-09,0.0198
2021-02-10,0.0196
2021-02-11,0.0215
2021-02-12,0.0201
2021-02-16,0.0132
2021-02-17,0.0105
2021-02-18,0.0093
2021-02-19,0.0094
2021-02-22,0.0079
2021-02-23,0.0068
2021-02-24,0.0066
2021-02-25,0.0055
2021-02-26,0.0095
2021-03-01,0.015
2021-03-02,0.0154
2021-03-03,0.0154
2021-03-04,0.0143
2021-03-05,0.0132
2021-03-08,0.0163
2021-03-09,0.0162
2021-03-10,0.0161
2021-03-11,0.0139
2021-03-12,0.0119
2021-03-15,0.0123
2021-03-16,0.0112
2021-03-17,0.0092
2021-03-18,0.0081
2021-03-19,0.0077
2021-03-22,0.0063
2021-03-23,0.0038
2021-03-24,0.0027
2021-03-25,0.0022
2021-03-26,0.0021
2021-03-29,0.0023
2021-03-30,0.0032
2021-03-31,0.0028
2021-04-01,0.0033
2021-04-05,0.0049
2021-04-06,0.0074
2021-04-07,0.0076
2021-04-08,0.0067
2021-04-09,0.0077
2021-04-12,0.007
2021-04-13,0.0059
2021-04-14,0.0047
2021-04-15,0.0062
2021-04-16,0.0087
2021-04-19,0.0114
2021-04-20,0.0239
2021-04-21,0.0183
2021-04-22,0.0148
2021-04-23,0.0127
2021-04-26,0.0098
2021-04-27,0.0085
2021-04-28,0.0067
2021-04-29,0.0067
2021-04-30,0.0083
2021-05-03,0.0088
2021-05-04,0.0134
2021-05-05,0.0096
2021-05-06,0.0082
2021-05-07,0.0069
2021-05-10,0.0092
2021-05-11,0.0117
2021-05-12,0.0113
2021-05-13,0.009
2021-05-14,0.0072
2021-05-17,0.0051
2021-05-18,0.0048
2021-05-19,0.0042
2021-05-20,0.0032
2021-05-21,0.0024
2021-05-24,0.0024
2021-05-25,0.0036
2021-05-26,0.0065
2021-05-27,0.0095
2021-05-28,0.0083
2021-06-01,0.0109
2021-06-02,0.0112
2021-06-03,0.0134
2021-06-04,0.0115
2021-06-07,0.009
2021-06-08,0.0083
2021-06-09,0.0084
2021-06-10,0.0087
2021-06-11,0.0077
2021-06-14,0.005
2021-06-15,0.0053
2021-06-16,0.0094
2021-06-17,0.0156
2021-06-18,0.0315
2021-06-21,0.0311
2021-06-22,0.0247
2021-06-23,0.024
2021-06-24,0.0197
2021-06-25,0.0165
2021-06-28,0.0173
2021-06-29,0.0127
2021-06-30,0.0163
2021-07-01,0.0143
2021-07-02,0.0138
2021-07-06,0.0179
2021-07-07,0.0161
2021-07-08,0.0281
2021-07-09,0.0271
2021-07-12,0.0191
2021-07-13,0.0157
2021-07-14,0.0121
2021-07-15,0.0109
2021-07-16,0.0093
2021-07-19,0.0169
2021-07-20,0.0156
2021-07-21,0.0137
2021-07-22,0.0123
2021-07-23,0.0098
2021-07-26,0.0083
2021-07-27,0.0068
2021-07-28,0.006
2021-07-29,0.0054
2021-07-30,0.0043
2021-08-02,0.0043
2021-08-03,0.0037
2021-08-04,0.0036
2021-08-05,0.0034
2021-08-06,0.003
2021-08-09,0.0029
2021-08-10,0.0026
2021-08-11,0.0025
2021-08-12,0.0022
2021-08-13,0.0019
2021-08-16,0.0029
2021-08-17,0.003
2021-08-18,0.0024
2021-08-19,0.0083
2021-08-20,0.0073
2021-08-23,0.0067
2021-08-24,0.0051
2021-08-25,0.0061
2021-08-26,0.0052
2021-08-27,0.0048
2021-08-30,0.0043
2021-08-31,0.0061
2021-09-01,0.0067
2021-09-02,0.0057
2021-09-03,0.0078
2021-09-07,0.0088
2021-09-08,0.0129
2021-09-09,0.012
2021-09-10,0.0099
2021-09-13,0.0082
2021-09-14,0.008
2021-09-15,0.0116
2021-09-16,0.0086
2021-09-17,0.0099
2021-09-20,0.0274
2021-09-21,0.0212
2021-09-22,0.0158
2021-09-24,0.0141
2021-09-27,0.0119
2021-09-28,0.0173
2021-09-29,0.015
2021-09-30,0.0141
2021-10-01,0.0125
2021-10-04,0.011
2021-10-05,0.011
2021-10-06,0.0098
2021-10-07,0.0094
2021-10-08,0.0076
2021-10-11,0.0062
2021-10-12,0.0053
2021-10-13,0.004
2021-10-14,0.0043
2021-10-15,0.004
2021-10-18,0.0034
2021-10-19,0.0034
2021-10-20,0.0032
2021-10-21,0.0027
2021-10-22,0.0031
2021-10-25,0.0036
2021-10-26,0.0037
2021-10-27,0.0071
2021-10-28,0.0067
2021-10-29,0.0105
2021-11-01,0.0101
2021-11-02,0.0103
2021-11-03,0.0092
2021-11-04,0.0127
2021-11-05,0.0115
2021-11-08,0.0085
2021-11-09,0.0093
2021-11-10,0.0103
2021-11-11,0.0117
2021-11-12,0.0154
2021-11-15,0.0209
2021-11-16,0.0249
2021-11-17,0.0285
2021-11-18,0.0292
2021-11-19,0.031
2021-11-22,0.0342
2021-11-23,0.0332
2021-11-24,0.0367
2021-11-26,0.0872
2021-11-30,0.1215
2021-12-01,0.1202
2021-12-02,0.1256
2021-12-03,0.1296
2021-12-06,0.1316
2021-12-07,0.1294
2021-12-08,0.1327
2021-12-09,0.1316
2021-12-10,0.1293
2021-12-13,0.1095
2021-12-14,0.1047
2021-12-15,0.0941
2021-12-16,0.0873
2021-12-17,0.0708
2021-12-20,0.0681
2021-12-21,0.0773
2021-12-22,0.0731
2021-12-23,0.0779
2021-12-27,0.0697
2021-12-28,0.0656
2021-12-29,0.0658
2021-12-30,0.0593
2021-12-31,0.0512
2022-01-03,0.0545
2022-01-04,0.0558
2022-01-05,0.0528
2022-01-06,0.0527
2022-01-07,0.048
2022-01-10,0.0423
2022-01-11,0.0413
2022-01-12,0.0379
2022-01-13,0.0358
2022-01-14,0.0339
2022-01-18,0.0239
2022-01-19,0.0225
2022-01-20,0.0221
2022-01-21,0.023
2022-01-24,0.0506
2022-01-25,0.0621
2022-01-26,0.0682
2022-01-27,0.0684
2022-01-28,0.0762
2022-01-31,0.0624
2022-02-01,0.067
2022-02-02,0.0695
2022-02-03,0.0741
2022-02-04,0.1037
2022-02-07,0.1235
2022-02-08,0.1371
2022-02-09,0.1386
2022-02-10,0.1404
2022-02-11,0.1371
2022-02-14,0.1482
2022-02-15,0.1523
2022-02-16,0.1486
2022-02-17,0.1478
2022-02-18,0.1415
2022-02-22,0.1434
2022-02-23,0.1374
2022-02-24,0.1385
2022-02-25,0.1338
2022-02-28,0.1372
2022-03-01,0.1648
2022-03-02,0.169
2022-03-03,0.1851
2022-03-04,0.2415
2022-03-07,0.2981
2022-03-08,0.3241
2022-03-09,0.354
2022-03-10,0.3851
2022-03-11,0.3958
2022-03-14,0.3964
2022-03-15,0.3908
2022-03-16,0.3826
2022-03-17,0.3768
2022-03-18,0.3718
2022-03-21,0.3591
2022-03-22,0.3557
2022-03-23,0.3437
2022-03-24,0.3328
2022-03-25,0.3086
2022-03-28,0.3089
2022-03-29,0.3224
2022-03-30,0.3318
2022-03-31,0.3681
2022-04-01,0.3556
2022-04-04,0.3701
2022-04-05,0.3668
2022-04-06,0.3556
2022-04-07,0.333
2022-04-08,0.3066
2022-04-11,0.2956
2022-04-12,0.2852
2022-04-13,0.2755
2022-04-14,0.2553
2022-04-18,0.2134
2022-04-19,0.2235
2022-04-20,0.2268
2022-04-21,0.224
2022-04-22,0.2427
2022-04-25,0.2879
2022-04-26,0.3119
2022-04-27,0.3192
2022-04-28,0.3348
2022-04-29,0.3367
2022-05-02,0.3426
2022-05-03,0.3322
2022-05-04,0.322
2022-05-05,0.3597
2022-05-06,0.378
2022-05-09,0.3564
2022-05-10,0.3341
2022-05-11,0.3204
2022-05-12,0.3725
2022-05-13,0.3825
2022-05-16,0.3768
2022-05-17,0.3935
2022-05-18,0.4011
2022-05-19,0.4054
2022-05-20,0.4002
2022-05-23,0.4084
2022-05-24,0.4232
2022-05-25,0.4295
2022-05-26,0.4261
2022-05-27,0.4121
2022-05-31,0.4035
2022-06-01,0.3944
2022-06-02,0.3882
2022-06-03,0.3724
2022-06-06,0.3704
2022-06-07,0.3631
2022-06-08,0.3694
2022-06-09,0.4118
2022-06-10,0.4733
2022-06-13,0.4766
2022-06-14,0.4959
2022-06-15,0.5161
2022-06-16,0.5424
2022-06-17,0.5597
2022-06-21,0.5521
2022-06-22,0.5471
2022-06-23,0.5537
2022-06-24,0.5353
2022-06-27,0.5044
2022-06-28,0.4779
2022-06-29,0.472
2022-06-30,0.4609
2022-07-01,0.4495
2022-07-05,0.4382
2022-07-06,0.4426
2022-07-07,0.4416
2022-07-08,0.4332
2022-07-11,0.4402
2022-07-12,0.4233
2022-07-13,0.4139
2022-07-14,0.4168
2022-07-15,0.4045
2022-07-18,0.3901
2022-07-19,0.4037
2022-07-20,0.3863
2022-07-21,0.3744
2022-07-22,0.3685
2022-07-25,0.3557
2022-07-26,0.3676
2022-07-27,0.3772
2022-07-28,0.3957
2022-07-29,0.3968
2022-08-01,0.3894
2022-08-02,0.3947
2022-08-03,0.3894
2022-08-04,0.3791
2022-08-05,0.3835
2022-08-08,0.3731
2022-08-09,0.3631
2022-08-10,0.3729
2022-08-11,0.3541
2022-08-12,0.3407
2022-08-15,0.3388
2022-08-16,0.3168
2022-08-17,0.2984
2022-08-18,0.3084
2022-08-19,0.3264
2022-08-22,0.3654
2022-08-23,0.3632
2022-08-24,0.3495
2022-08-25,0.3315
2022-08-26,0.3268
2022-08-29,0.3228
2022-08-30,0.3151
2022-08-31,0.3191
2022-09-01,0.3489
2022-09-02,0.3665
2022-09-06,0.3679
2022-09-07,0.4051
2022-09-08,0.4134
2022-09-09,0.4262
2022-09-12,0.4324
2022-09-13,0.4498
2022-09-14,0.4575
2022-09-15,0.4661
2022-09-16,0.4802
2022-09-19,0.4567
2022-09-20,0.4662
2022-09-21,0.4945
2022-09-22,0.5035
2022-09-23,0.6079
2022-09-26,0.6283
2022-09-27,0.6495
2022-09-28,0.6749
2022-09-29,0.6984
2022-09-30,0.6949
2022-10-03,0.6937
2022-10-04,0.7211
2022-10-05,0.7245
2022-10-06,0.7288
2022-10-07,0.7272
2022-10-10,0.7106
2022-10-11,0.7033
2022-10-12,0.7053
2022-10-13,0.7115
2022-10-14,0.7026
2022-10-17,0.7352
2022-10-18,0.714
2022-10-19,0.7029
2022-10-20,0.6766
2022-10-21,0.672
2022-10-24,0.6664
2022-10-25,0.6689
2022-10-26,0.6445
2022-10-27,0.6467
2022-10-28,0.6212
2022-10-31,0.5965
2022-11-01,0.5594
2022-11-02,0.5454
2022-11-03,0.5629
2022-11-04,0.5897
2022-11-07,0.5729
2022-11-08,0.5494
2022-11-09,0.5318
2022-11-10,0.5744
2022-11-11,0.5552
2022-11-14,0.5153
2022-11-15,0.4929
2022-11-16,0.4806
2022-11-17,0.4558
2022-11-18,0.4361
2022-11-21,0.4274
2022-11-22,0.4038
2022-11-23,0.3931
2022-11-25,0.3518
2022-11-28,0.3516
2022-11-29,0.3245
2022-11-30,0.3164
2022-12-01,0.3216
2022-12-02,0.3023
2022-12-05,0.2941
2022-12-06,0.288
2022-12-07,0.2734
2022-12-08,0.2609
2022-12-09,0.2353
2022-12-12,0.2314
2022-12-13,0.2225
2022-12-14,0.2238
2022-12-15,0.2527
2022-12-16,0.2939
2022-12-19,0.302
2022-12-20,0.311
2022-12-21,0.3263
2022-12-22,0.3375
2022-12-23,0.3259
2022-12-27,0.3199
2022-12-28,0.3164
2022-12-29,0.3046
2022-12-30,0.2984
2023-01-03,0.2431
2023-01-04,0.2503
2023-01-05,0.2386
2023-01-06,0.2453
2023-01-09,0.2463
2023-01-10,0.2392
2023-01-11,0.2318
2023-01-12,0.2367
2023-01-13,0.229
2023-01-17,0.1848
2023-01-18,0.1749
2023-01-19,0.1851
2023-01-20,0.1862
2023-01-23,0.1858
2023-01-24,0.1855
2023-01-25,0.1771
2023-01-26,0.1705
2023-01-27,0.1641
2023-01-30,0.1599
2023-01-31,0.1492
2023-02-01,0.1164
2023-02-02,0.1402
2023-02-03,0.1489
2023-02-06,0.1411
2023-02-07,0.1504
2023-02-08,0.1413
2023-02-09,0.1392
2023-02-10,0.1378
2023-02-13,0.1458
2023-02-14,0.1444
2023-02-15,0.1347
2023-02-16,0.1253
2023-02-17,0.124
2023-02-21,0.1005
2023-02-22,0.0878
2023-02-23,0.0857
2023-02-24,0.0865
2023-02-27,0.0881
2023-02-28,0.0989
2023-03-01,0.0902
2023-03-02,0.089
2023-03-03,0.0929
2023-03-06,0.0933
2023-03-07,0.09
2023-03-08,0.0947
2023-03-09,0.0933
2023-03-10,0.1153
2023-03-13,0.1561
2023-03-14,0.1695
2023-03-15,0.2385
2023-03-16,0.2707
2023-03-17,0.284
2023-03-20,0.2933
2023-03-21,0.3131
2023-03-22,0.3374
2023-03-23,0.3527
2023-03-24,0.3768
2023-03-27,0.3719
2023-03-28,0.3571
2023-03-29,0.3561
2023-03-30,0.3451
2023-03-31,0.3366
2023-04-03,0.3255
2023-04-04,0.3052
2023-04-05,0.3003
2023-04-06,0.2833
2023-04-10,0.2481
2023-04-11,0.2369
2023-04-12,0.2218
2023-04-13,0.2102
2023-04-14,0.1955
2023-04-17,0.1809
2023-04-18,0.1713
2023-04-19,0.1626
2023-04-20,0.161
2023-04-21,0.1564
2023-04-24,0.1497
2023-04-25,0.1494
2023-04-26,0.1438
2023-04-27,0.1452
2023-04-28,0.148
2023-05-01,0.1538
2023-05-02,0.1583
2023-05-03,0.1612
2023-05-04,0.1641
2023-05-05,0.1661
2023-05-08,0.1725
2023-05-09,0.1628
2023-05-10,0.1651
2023-05-11,0.1631
2023-05-12,0.1575
2023-05-15,0.1529
2023-05-16,0.1466
2023-05-17,0.1423
2023-05-18,0.1336
2023-05-19,0.1287
2023-05-22,0.1272
2023-05-23,0.1129
2023-05-24,0.1019
2023-05-25,0.1112
2023-05-26,0.1141
2023-05-30,0.1333
2023-05-31,0.1324
2023-06-01,0.1375
2023-06-02,0.1521
2023-06-05,0.1625
2023-06-06,0.167
2023-06-07,0.1671
2023-06-08,0.1547
2023-06-09,0.1457
2023-06-12,0.1334
2023-06-13,0.1224
2023-06-14,0.1206
2023-06-15,0.0929
2023-06-16,0.088
2023-06-20,0.0993
2023-06-21,0.0846
2023-06-22,0.09
2023-06-23,0.0938
2023-06-26,0.0924
2023-06-27,0.0841
2023-06-28,0.078
2023-06-29,0.0784
2023-06-30,0.0714
2023-07-03,0.0748
2023-07-05,0.0702
2023-07-06,0.0871
2023-07-07,0.0955
2023-07-10,0.1071
2023-07-11,0.1056
2023-07-12,0.0993
2023-07-13,0.1058
2023-07-14,0.11
2023-07-17,0.1108
2023-07-18,0.111
2023-07-19,0.108
2023-07-20,0.0999
2023-07-21,0.089
2023-07-24,0.0763
2023-07-25,0.0686
2023-07-26,0.0718
2023-07-27,0.0696
2023-07-28,0.0803
2023-07-31,0.0853
2023-08-01,0.0888
2023-08-02,0.0904
2023-08-03,0.1018
2023-08-04,0.0941
2023-08-07,0.0925
2023-08-08,0.0999
2023-08-09,0.1005
2023-08-10,0.1111
2023-08-11,0.1184
2023-08-14,0.117
2023-08-15,0.1186
2023-08-16,0.1062
2023-08-17,0.1085
2023-08-18,0.109
2023-08-21,0.105
2023-08-22,0.0962
2023-08-23,0.0877
2023-08-24,0.082
2023-08-25,0.0828
2023-08-28,0.0817
2023-08-29,0.0782
2023-08-30,0.0749
2023-08-31,0.0583
2023-09-01,0.0619
2023-09-05,0.0665
2023-09-06,0.0615
2023-09-07,0.0634
2023-09-08,0.067
2023-09-11,0.0631
2023-09-12,0.0658
2023-09-13,0.0672
2023-09-14,0.057
2023-09-15,0.0592
2023-09-18,0.0552
2023-09-19,0.0601
2023-09-20,0.0599
2023-09-21,0.0614
2023-09-22,0.0636
2023-09-25,0.0703
2023-09-26,0.0806
2023-09-27,0.0803
2023-09-28,0.0909
2023-09-29,0.1048
2023-10-02,0.0959
2023-10-03,0.1043
2023-10-04,0.1071
2023-10-05,0.1074
2023-10-06,0.0971
2023-10-09,0.1028
2023-10-10,0.1283
2023-10-11,0.1404
2023-10-12,0.1331
2023-10-13,0.1503
2023-10-16,0.1507
2023-10-17,0.1491
2023-10-18,0.1535
2023-10-19,0.1491
2023-10-20,0.1604
2023-10-23,0.1398
2023-10-24,0.1243
2023-10-25,0.1204
2023-10-26,0.1157
2023-10-27,0.1078
2023-10-30,0.1006
2023-10-31,0.0846
2023-11-01,0.0853
2023-11-02,0.095
2023-11-03,0.0891
2023-11-06,0.0967
2023-11-07,0.0992
2023-11-08,0.0993
2023-11-09,0.1018
2023-11-10,0.1042
2023-11-13,0.0963
2023-11-14,0.0901
2023-11-15,0.0955
2023-11-16,0.1
2023-11-17,0.1027
2023-11-20,0.1034
2023-11-21,0.1046
2023-11-22,0.1052
2023-11-24,0.1025
2023-11-27,0.1015
2023-11-28,0.1004
2023-11-29,0.1047
2023-11-30,0.1016
2023-12-01,0.0797
2023-12-04,0.0857
2023-12-05,0.0916
2023-12-06,0.0941
2023-12-07,0.0787
2023-12-08,0.088
2023-12-11,0.0949
2023-12-12,0.097
2023-12-13,0.0936
2023-12-14,0.0782
2023-12-15,0.0908
2023-12-18,0.0942
2023-12-19,0.1092
2023-12-20,0.1178
2023-12-21,0.1278
2023-12-22,0.1344
2023-12-26,0.131
2023-12-27,0.1323
2023-12-28,0.1302
2023-12-29,0.1304
2024-01-02,0.0934
2024-01-03,0.0714
2024-01-04,0.0759
2024-01-05,0.0776
2024-01-08,0.0734
2024-01-09,0.0667
2024-01-10,0.0695
2024-01-11,0.0613
2024-01-12,0.0657
2024-01-16,0.0658
2024-01-17,0.0648
2024-01-18,0.0589
2024-01-19,0.051
2024-01-22,0.0467
2024-01-23,0.0455
2024-01-24,0.0404
2024-01-25,0.0376
2024-01-26,0.0423
2024-01-29,0.0435
2024-01-30,0.046
2024-01-31,0.0482
2024-02-01,0.0393
2024-02-02,0.0366
2024-02-05,0.0374
2024-02-06,0.0374
2024-02-07,0.0438
2024-02-08,0.0412
2024-02-09,0.0478
2024-02-12,0.0444
2024-02-13,0.0359
2024-02-14,0.0342
2024-02-15,0.0389
2024-02-16,0.0416
2024-02-20,0.0414
2024-02-21,0.0464
2024-02-22,0.0391
2024-02-23,0.043
2024-02-26,0.043
2024-02-27,0.0454
2024-02-28,0.0437
2024-02-29,0.0431
2024-03-01,0.0413
2024-03-04,0.039
2024-03-05,0.0398
2024-03-06,0.0388
2024-03-07,0.0362
2024-03-08,0.0303
2024-03-11,0.0272
2024-03-12,0.0211
2024-03-13,0.0209
2024-03-14,0.0192
2024-03-15,0.0165
2024-03-18,0.0162
2024-03-19,0.0092
2024-03-20,0.0082
2024-03-21,0.0072
2024-03-22,0.0117
2024-03-25,0.0167
2024-03-26,0.0169
2024-03-27,0.0188
2024-03-28,0.0175
2024-04-01,0.0171
2024-04-02,0.0188
2024-04-03,0.0166
2024-04-04,0.0187
2024-04-05,0.0127
2024-04-08,0.0133
2024-04-09,0.0106
2024-04-10,0.0087
2024-04-11,0.0115
2024-04-12,0.0156
2024-04-15,0.0185
2024-04-16,0.0206
2024-04-17,0.0237
2024-04-18,0.03
2024-04-19,0.0293
2024-04-22,0.0327
2024-04-23,0.0334
2024-04-24,0.0378
2024-04-25,0.0329
2024-04-26,0.0264
2024-04-29,0.0251
2024-04-30,0.0222
2024-05-01,0.021
2024-05-02,0.0218
2024-05-03,0.0227
2024-05-06,0.0267
2024-05-07,0.0362
2024-05-08,0.0373
2024-05-09,0.0352
2024-05-10,0.0381
2024-05-13,0.0318
2024-05-14,0.0314
2024-05-15,0.0313
2024-05-16,0.0243
2024-05-17,0.0228
2024-05-20,0.0202
2024-05-21,0.0167
2024-05-22,0.0144
2024-05-23,0.0183
2024-05-24,0.0175
2024-05-28,0.0163
2024-05-29,0.0091
2024-05-30,0.01
2024-05-31,0.0104
2024-06-03,0.0114
2024-06-04,0.0066
2024-06-05,0.0075
2024-06-06,0.0095
2024-06-07,0.0084
2024-06-10,0.0088
2024-06-11,0.0109
2024-06-12,0.0152
2024-06-13,0.0224
2024-06-14,0.0454
2024-06-17,0.0527
2024-06-18,0.0603
2024-06-20,0.0753
2024-06-21,0.0802
2024-06-24,0.0838
2024-06-25,0.0847
2024-06-26,0.0861
2024-06-27,0.084
2024-06-28,0.0831
2024-07-01,0.0866
2024-07-02,0.0774
2024-07-03,0.074
2024-07-05,0.0655
2024-07-08,0.0583
2024-07-09,0.0546
2024-07-10,0.0515
2024-07-11,0.0427
2024-07-12,0.045
2024-07-15,0.0419
2024-07-16,0.0406
2024-07-17,0.0346
2024-07-18,0.0313
2024-07-19,0.0348
2024-07-22,0.0393
2024-07-23,0.0346
2024-07-24,0.0425
2024-07-25,0.0588
2024-07-26,0.0562
2024-07-29,0.0622
2024-07-30,0.0636
2024-07-31,0.0717
2024-08-01,0.1023
2024-08-02,0.1383
2024-08-05,0.1854
2024-08-06,0.1929
2024-08-07,0.2132
2024-08-08,0.2186
2024-08-09,0.2134
2024-08-12,0.1928
2024-08-13,0.1795
2024-08-14,0.1644
2024-08-15,0.1665
2024-08-16,0.1487
2024-08-19,0.138
2024-08-20,0.1323
2024-08-21,0.1222
2024-08-22,0.1116
2024-08-23,0.1025
2024-08-26,0.0915
2024-08-27,0.0802
2024-08-28,0.0661
2024-08-29,0.0567
2024-08-30,0.048
2024-09-03,0.06
2024-09-04,0.0659
2024-09-05,0.0671
2024-09-06,0.0845
2024-09-09,0.0737
2024-09-10,0.0698
2024-09-11,0.0715
2024-09-12,0.0702
2024-09-13,0.0698
2024-09-16,0.0639
2024-09-17,0.0665
2024-09-18,0.065
2024-09-19,0.0682
2024-09-20,0.0673
2024-09-23,0.0581
2024-09-24,0.0648
2024-09-25,0.0677
2024-09-26,0.0665
2024-09-27,0.0715
2024-09-30,0.0585
2024-10-01,0.0732
2024-10-02,0.0782
2024-10-03,0.0634
2024-10-04,0.0655
2024-10-07,0.0615
2024-10-08,0.059
2024-10-09,0.0543
2024-10-10,0.0521
2024-10-11,0.0491
2024-10-14,0.0422
2024-10-15,0.0449
2024-10-16,0.039
2024-10-17,0.0331
2024-10-18,0.0305
2024-10-21,0.0312
2024-10-22,0.0271
2024-10-23,0.0244
2024-10-24,0.0229
2024-10-25,0.021
2024-10-28,0.0183
2024-10-29,0.0195
2024-10-30,0.0178
2024-10-31,0.0231
2024-11-01,0.0208
2024-11-04,0.0225
2024-11-05,0.0237
2024-11-06,0.0179
2024-11-07,0.0248
2024-11-08,0.0341
2024-11-11,0.0413
2024-11-12,0.0603
2024-11-13,0.0683
2024-11-14,0.0783
2024-11-15,0.0687
2024-11-18,0.0606
2024-11-19,0.0516
2024-11-20,0.0513
2024-11-21,0.0503
2024-11-22,0.067
2024-11-25,0.0686
2024-11-26,0.0681
2024-11-27,0.0693
2024-11-29,0.0582
2024-12-02,0.0628
2024-12-03,0.0551
2024-12-04,0.047
2024-12-05,0.0487
2024-12-06,0.0449
2024-12-09,0.0372
2024-12-10,0.0307
2024-12-11,0.0229
2024-12-12,0.0237
2024-12-13,0.0248
2024-12-16,0.0258
2024-12-17,0.0246
2024-12-18,0.0215
2024-12-19,0.0325
2024-12-20,0.0345
2024-12-23,0.0369
2024-12-24,0.0366
2024-12-26,0.0298
2024-12-27,0.0253
2024-12-30,0.0276
2024-12-31,0.0254
2025-01-02,0.0194
2025-01-03,0.0179
2025-01-06,0.0141
2025-01-07,0.0164
2025-01-08,0.0133
2025-01-10,0.0112
2025-01-13,0.0109
2025-01-14,0.009
2025-01-15,0.0178
2025-01-16,0.019
2025-01-17,0.0181
2025-01-21,0.0165
2025-01-22,0.0167
2025-01-23,0.0154
2025-01-24,0.0151
2025-01-27,0.0169
2025-01-28,0.0157
2025-01-29,0.0147
2025-01-30,0.0182
2025-01-31,0.0166
2025-02-03,0.0139
2025-02-04,0.012
2025-02-05,0.0128
2025-02-06,0.015
2025-02-07,0.013
2025-02-10,0.0126
2025-02-11,0.0144
2025-02-12,0.0178
2025-02-13,0.0162
2025-02-14,0.0139
2025-02-18,0.0114
2025-02-19,0.0079
2025-02-20,0.0055
2025-02-21,0.0064
2025-02-24,0.0051
2025-02-25,0.0066
2025-02-26,0.0057
2025-02-27,0.0041
2025-02-28,0.0036
2025-03-03,0.0034
2025-03-04,0.0234
2025-03-05,0.0369
2025-03-06,0.0365
2025-03-07,0.0328
2025-03-10,0.031
2025-03-11,0.0341
2025-03-12,0.0303
2025-03-13,0.0257
2025-03-14,0.0283
2025-03-17,0.0263
2025-03-18,0.022
2025-03-19,0.0178
2025-03-20,0.0143
2025-03-21,0.0109
2025-03-24,0.0111
2025-03-25,0.0112
2025-03-26,0.0097
2025-03-27,0.0089
2025-03-28,0.0076
2025-03-31,0.008
2025-04-01,0.0072
2025-04-02,0.0058
2025-04-03,0.0401
2025-04-04,0.1159
2025-04-07,0.1718
2025-04-08,0.1752
2025-04-09,0.1833
2025-04-10,0.2029
2025-04-11,0.2106
2025-04-14,0.1975
2025-04-15,0.1846
2025-04-16,0.1851
2025-04-17,0.18
2025-04-21,0.1636
2025-04-22,0.1519
2025-04-23,0.1437
2025-04-24,0.1451
2025-04-25,0.1295
2025-04-28,0.1219
2025-04-29,0.114
2025-04-30,0.1121
2025-05-01,0.0838
2025-05-02,0.0816
2025-05-05,0.0637
2025-05-06,0.0556
2025-05-07,0.0524
2025-05-08,0.0488
2025-05-09,0.0425
2025-05-12,0.0442
2025-05-13,0.0319
2025-05-14,0.0256
2025-05-15,0.0222
2025-05-16,0.0196
2025-05-19,0.0211
2025-05-20,0.0225
2025-05-21,0.0204
2025-05-22,0.0182
2025-05-23,0.0268
2025-05-27,0.0211
2025-05-28,0.0185
2025-05-29,0.0175
2025-05-30,0.0163
2025-06-02,0.0155
2025-06-03,0.0127
2025-06-04,0.0114
2025-06-05,0.0174
2025-06-06,0.015
2025-06-09,0.0138
2025-06-10,0.0202
2025-06-11,0.0214
2025-06-12,0.0253
2025-06-13,0.0321
2025-06-16,0.0331
2025-06-17,0.0357
2025-06-18,0.0261
2025-06-20,0.0268
2025-06-23,0.0217
2025-06-24,0.0233
2025-06-25,0.0229
2025-06-26,0.0225
2025-06-27,0.0319
2025-06-30,0.0253
2025-07-01,0.0265
2025-07-02,0.032
2025-07-03,0.034
2025-07-07,0.0334
2025-07-08,0.0308
2025-07-09,0.0231
2025-07-10,0.0227
2025-07-11,0.0305
2025-07-14,0.0295
2025-07-15,0.0301
2025-07-16,0.0324
2025-07-17,0.0312
2025-07-18,0.0306
2025-07-21,0.0427
2025-07-22,0.045
2025-07-23,0.0355
2025-07-24,0.0238
2025-07-25,0.0191
2025-07-28,0.0322
2025-07-29,0.0234
2025-07-30,0.0229
2025-07-31,0.0282
2025-08-01,0.0595
2025-08-04,0.0498
2025-08-05,0.0408
2025-08-06,0.0345
2025-08-07,0.0302
2025-08-08,0.0233
2025-08-11,0.0195
2025-08-12,0.0159
2025-08-13,0.0123
2025-08-14,0.0107
2026-01-26,0.051
2026-01-27,0.0498
2026-01-28,0.0502
2026-01-29,0.0436
