date,sentiment_mean,sentiment_std,sentiment_count,ciss_mean,ciss_max,ciss_min,realized_vol
2010-01-10,-0.2825043952558909,0.04345422605151238,4,0.164125,0.1739,0.1535,0.02365398246802731
2010-01-17,-0.1514781659603661,0.09006437627148503,5,0.14645999999999998,0.1525,0.1419,0.13326711891309256
2010-01-24,-0.1700108391871198,0.09354338549081,4,0.19485,0.231,0.1552,0.2507686685106982
2010-01-31,-0.16648636358957938,0.08479186428516831,5,0.24702000000000002,0.251,0.2415,0.12857223207829135
2010-02-07,-0.17658478347962908,0.12381752826032624,5,0.23094,0.2431,0.2105,0.29546776484350734
2010-02-14,-0.20234184039590336,0.08336333935544915,5,0.23146,0.2443,0.2168,0.13474377749762065
2010-02-21,-0.23362240341073565,0.07907995490267776,4,0.25065,0.2574,0.2464,0.09385482501798466
2010-02-28,-0.19227193368592005,0.11704460323829897,5,0.26624,0.2796,0.2439,0.1211045907760842
2010-03-07,-0.22043609996895208,0.11354730034486493,5,0.2621,0.2812,0.2445,0.09084582498229929
2010-03-14,-0.18106218039754013,0.026967899896880948,5,0.21842,0.2442,0.1926,0.03341553354725462
2010-03-21,-0.17634767445781035,0.059874924297046335,5,0.1711,0.178,0.1647,0.10609751474763687
2010-03-28,-0.16222507548506368,0.09620300111683218,5,0.1318,0.1464,0.1236,0.07887061014938453
2010-04-04,-0.2538641117204919,0.08575791948488994,4,0.1288,0.1364,0.12,0.0774934980719524
2010-04-11,-0.19111756542866556,0.07763191654603101,5,0.12946,0.1389,0.1206,0.08532259403657141
2010-04-18,-0.2506052030766262,0.08929964737641828,5,0.14304,0.1546,0.133,0.15632808539835139
2010-04-25,-0.17229088679144,0.05102540517521607,5,0.16164,0.1834,0.1469,0.06407866587286186
2010-05-02,-0.17856426235064898,0.11544108199911977,5,0.23852,0.267,0.1792,0.2465094748936052
2010-05-09,-0.18520829260209237,0.14749779850808117,5,0.35784000000000005,0.4265,0.272,0.2829915484240218
2010-05-16,-0.19268605195186558,0.04072933933797684,5,0.4625,0.4936,0.43,0.392041593948518
2010-05-23,-0.2209567706835207,0.12766462814552146,5,0.5102599999999999,0.5367,0.4809,0.311924148369902
2010-05-30,-0.160963590388313,0.1543260249508546,5,0.57582,0.5867,0.5523,0.3020750801073284
2010-06-06,-0.23554111276301692,0.14271924790422516,4,0.59495,0.6207,0.581,0.4200774294774927
2010-06-13,-0.1295554428722464,0.10235653507636298,5,0.60488,0.6165,0.596,0.2526534207785251
2010-06-20,-0.18453919705003258,0.09668992016885467,5,0.54162,0.5886,0.494,0.16938738082867838
2010-06-27,-0.2246181742439804,0.09778413546989864,5,0.45722000000000007,0.4694,0.4344,0.14735992990850175
2010-07-04,-0.25514494095517787,0.09921894083124558,5,0.49152000000000007,0.5207,0.442,0.18637473567136748
2010-07-11,-0.2985363200744459,0.051972090397267585,4,0.4606,0.4924,0.4177,0.18445704126530713
2010-07-18,-0.34153456728194725,0.13411380174701854,5,0.3933,0.408,0.3746,0.24784002551975037
2010-07-25,-0.32528761298671377,0.11799349932437808,5,0.37252,0.3951,0.3576,0.20247895983301592
2010-08-01,-0.37672184103381134,0.1033698846559558,5,0.3294,0.3526,0.3074,0.10435991758142282
2010-08-08,-0.39344592441938014,0.09561921761423815,5,0.33049999999999996,0.3432,0.3179,0.17948019669542045
2010-08-15,-0.35446645761557266,0.0708396223176836,5,0.36744,0.4244,0.276,0.19490049931049552
2010-08-22,-0.2933529620599048,0.04515597892945387,5,0.41547999999999996,0.4224,0.4116,0.1703728197962001
2010-08-29,-0.38908993821059323,0.10776926044634458,5,0.40919999999999995,0.439,0.3804,0.1822013610155499
2010-09-05,-0.36859137858605023,0.08665169665104053,5,0.39632,0.4202,0.3738,0.25842894757519763
2010-09-12,-0.40655310815030304,0.051406033655658046,4,0.4323,0.4456,0.4161,0.1350277326787629
2010-09-19,-0.3022197754341576,0.06480531427444242,5,0.42512,0.434,0.4149,0.09581516767134315
2010-09-26,-0.35237229307425144,0.08760224860150183,5,0.42604,0.4469,0.3948,0.20352968065463647
2010-10-03,-0.35825759836790116,0.07558832163796714,5,0.3862,0.4294,0.3195,0.06355079979627681
2010-10-10,-0.3749755997232704,0.1327395087662344,5,0.34714,0.3627,0.3304,0.16477887596074456
2010-10-17,-0.36509475294483085,0.07613453467170729,5,0.29194,0.3038,0.2849,0.0665143603205111
2010-10-24,-0.40152522709792066,0.10656717003680696,5,0.2831,0.298,0.2734,0.1362974956482536
2010-10-31,-0.36721996929679623,0.11702586743620973,5,0.23934000000000002,0.2634,0.2058,0.03301384788533895
2010-11-07,-0.374268468794303,0.09274261721238469,5,0.20682,0.2289,0.1999,0.11515052398037555
2010-11-14,-0.31522414461622156,0.03301191493721644,5,0.24100000000000002,0.2528,0.2299,0.09446486743819732
2010-11-21,-0.392095552095288,0.05259934898830533,5,0.27014,0.2906,0.2454,0.17202647697352036
2010-11-28,-0.33447498825721333,0.0737131500507704,4,0.34985,0.3773,0.2875,0.21037251268407314
2010-12-05,-0.28157890501153193,0.07452848427017335,5,0.45082000000000005,0.4832,0.3903,0.16341982514812547
2010-12-12,-0.3292024157874819,0.05287682758965166,5,0.4487,0.4685,0.4264,0.043846976785451616
2010-12-19,-0.3818987616202395,0.07194106300105985,5,0.39211999999999997,0.4288,0.348,0.06766117374607479
2010-12-26,-0.29161240877538774,0.08624510449259468,4,0.30835,0.3476,0.2601,0.050524575771083685
2011-01-02,-0.3664157569256497,0.05659740360341953,5,0.19492,0.2138,0.1834,0.017779356534530322
2011-01-09,-0.2777962508233407,0.1143716141425795,5,0.18375999999999998,0.1906,0.1785,0.08566809506255432
2011-01-16,-0.33386285842415675,0.09628651827037245,5,0.24741999999999997,0.2966,0.1911,0.07647571261748723
2011-01-23,-0.29580411244229754,0.10740380486562649,4,0.29195,0.3051,0.2789,0.08878172568138429
2011-01-30,-0.3857663807704404,0.06560066134284552,5,0.2366,0.2596,0.2156,0.15031887978579578
2011-02-06,-0.3262988944005284,0.07865783174755683,5,0.2453,0.2581,0.2252,0.10778946939052228
2011-02-13,-0.3604603528283038,0.08460905636797439,5,0.19598,0.2209,0.1743,0.05946338499135029
2011-02-20,-0.4455721105392108,0.08863584678575348,5,0.14548,0.169,0.1296,0.05386985001078027
2011-02-27,-0.37040311161604805,0.09640553590259672,4,0.097375,0.1018,0.0926,0.2038397645239981
2011-03-06,-0.3325781639007549,0.07291746000987928,5,0.08684,0.0939,0.081,0.20597099288449264
2011-03-13,-0.3762489733973366,0.06218962110012729,5,0.09738,0.1021,0.0897,0.1785402829642514
2011-03-20,-0.2919896661689801,0.13369707070365305,5,0.21578,0.3048,0.1032,0.1909098400602415
2011-03-27,-0.42593305617012056,0.07001370543198003,5,0.32594,0.3416,0.3139,0.11426719245043593
2011-04-03,-0.34985484722624466,0.14893810736952026,5,0.30278,0.3248,0.2827,0.07034472870211786
2011-04-10,-0.3387935936975789,0.04773831436691218,5,0.2552,0.2704,0.2368,0.04206918682850645
2011-04-17,-0.364552756743994,0.04928342289496789,5,0.22725999999999996,0.2387,0.217,0.067140618012791
2011-04-24,-0.36653412256046436,0.06702589215235454,4,0.3221,0.3494,0.2836,0.16556102342160242
2011-05-01,-0.38570044415356236,0.11104580629175403,5,0.29086,0.3035,0.2677,0.05934889002982139
2011-05-08,-0.35456197692451796,0.13688112760263302,5,0.24988000000000002,0.3053,0.2147,0.08223147055296404
2011-05-15,-0.46047299003815845,0.07388524564833368,5,0.31438,0.3285,0.2923,0.1330904714908835
2011-05-22,-0.39816434550842794,0.03409198522415296,5,0.24382,0.2684,0.2223,0.10849743449030716
2011-05-29,-0.4458067119186989,0.08142854450502267,5,0.26116,0.266,0.249,0.10755059087456424
2011-06-05,-0.4932384705050771,0.06153367050039695,4,0.280875,0.2939,0.2676,0.22210677847060548
2011-06-12,-0.403157093958497,0.06599471270912544,5,0.25176,0.2704,0.2342,0.13507322772627225
2011-06-19,-0.39884073477800974,0.09122740556335245,5,0.28832,0.3207,0.2524,0.17507958963722478
2011-06-26,-0.356393325699333,0.07321730381633534,5,0.3201,0.3341,0.3073,0.1571210892904632
2011-07-03,-0.32480433740057885,0.08524665554057645,5,0.31828,0.3397,0.2758,0.04356890893908809
2011-07-10,-0.36336552249355947,0.10650129783515823,4,0.25415,0.2984,0.2314,0.11451154798096823
2011-07-17,-0.42530510800481924,0.14079266000757498,5,0.45095999999999997,0.4744,0.4089,0.15087209530619433
2011-07-24,-0.4742886777070737,0.05772633271695,5,0.46014,0.4802,0.4407,0.16332195881239198
2011-07-31,-0.2636178376680639,0.08932186344950643,5,0.42922000000000005,0.4387,0.4161,0.1155915640728295
2011-08-07,-0.4057058838862611,0.046810874897083875,5,0.4708,0.4977,0.4501,0.34774542947057463
2011-08-14,-0.35831189399535723,0.06437012111935753,5,0.60202,0.6446,0.5273,0.8156703987035141
2011-08-21,-0.3419235398378294,0.07163191562125709,5,0.67644,0.6917,0.6604,0.3785908906105121
2011-08-28,-0.30460335555438994,0.05100197943513152,5,0.61414,0.6629,0.5688,0.28190319579253836
2011-09-04,-0.318436578420569,0.035689274214381145,5,0.49437999999999993,0.5347,0.4642,0.31845073902874554
2011-09-11,-0.3363933832492999,0.05581354928905779,4,0.5205249999999999,0.5831,0.4851,0.3635899447707861
2011-09-18,-0.4354484029180881,0.09320936871191261,5,0.6261,0.6366,0.618,0.1010605375435141
2011-09-25,-0.3891605184686691,0.06610749078796091,5,0.6558200000000001,0.673,0.635,0.27364490967518634
2011-10-02,-0.33195521573530884,0.0424866938657225,5,0.62376,0.6588,0.5781,0.3369044416928437
2011-10-09,-0.25268275037309773,0.10979178096945572,5,0.7019,0.7154,0.6888,0.3466018090044636
2011-10-16,-0.29233435089832643,0.12384729462440716,5,0.69592,0.7058,0.6847,0.22272477044289496
2011-10-23,-0.3284431521941674,0.13653802020789424,5,0.6525,0.6806,0.6242,0.27892540058146137
2011-10-30,-0.24076641822076414,0.1370886837389862,5,0.58624,0.6312,0.5306,0.3114687819022061
2011-11-06,-0.2934559362467314,0.040064613067298506,5,0.65954,0.684,0.6151,0.34600301812538276
2011-11-13,-0.34428418007900585,0.08600852737559879,5,0.67122,0.7057,0.6316,0.3579151511112076
2011-11-20,-0.34396820546402135,0.128789073033097,5,0.6555799999999999,0.6868,0.6274,0.14729572167709978
2011-11-27,-0.40141531734822966,0.03246578880839147,4,0.6291,0.6488,0.6079,0.16532516127051647
2011-12-04,-0.2831929976102169,0.08396725172368358,5,0.5708599999999999,0.6022,0.5304,0.3023829967319764
2011-12-11,-0.35785872212106,0.0811134774989298,5,0.46440000000000003,0.4995,0.4421,0.2364591339663163
2011-12-18,-0.386970329460435,0.13649935011836067,5,0.49942000000000003,0.5154,0.4752,0.11104682992530836
2011-12-25,-0.35695754930730106,0.07552316396764006,5,0.45705999999999997,0.4866,0.4167,0.23347026833363083
2012-01-01,-0.3367305168105276,0.12067270800097814,4,0.36315,0.3817,0.3456,0.15678623496191643
2012-01-08,-0.4113350785083079,0.058557947362416686,4,0.36575,0.3806,0.3496,0.12632646933049502
2012-01-15,-0.4757511749370388,0.08749288999548324,5,0.3795,0.4072,0.3626,0.07850587092133747
2012-01-22,-0.33670237453806345,0.09369422840864454,4,0.44225,0.4734,0.424,0.054386666201191626
2012-01-29,-0.350093026015131,0.14801351906300042,5,0.48988,0.4992,0.4836,0.08088707507136128
2012-02-05,-0.4121719707962277,0.07360913658419554,5,0.50856,0.5307,0.4754,0.11245863258733083
2012-02-12,-0.4328255173077137,0.09414767412755606,5,0.43498000000000003,0.4479,0.4242,0.06726197270057678
2012-02-19,-0.42970595860674987,0.06200268773852139,5,0.35297999999999996,0.3993,0.3218,0.10064311175215059
2012-02-26,-0.3920859861579449,0.052890499317791655,4,0.2774,0.2895,0.2651,0.05118021202891095
2012-03-04,-0.3163406109600385,0.1382185332687449,5,0.25632,0.2732,0.2424,0.062128795092116065
2012-03-11,-0.3898618464422985,0.06083396319650666,5,0.32245999999999997,0.3483,0.2729,0.15760757631705083
2012-03-18,-0.38388024248466335,0.13893583758938136,5,0.35438000000000003,0.3633,0.3422,0.13408004526201744
2012-03-25,-0.3484753411957813,0.13572611726211486,5,0.33284,0.3567,0.3154,0.07311925703191274
2012-04-01,-0.24440061643189362,0.07285377250999701,5,0.32188,0.3277,0.3147,0.12165625485218391
2012-04-08,-0.34511744896923274,0.09146181408422198,4,0.3204,0.3248,0.316,0.11452757405726191
2012-04-15,-0.3338316161776628,0.12460381148335846,5,0.33048,0.3444,0.2932,0.21259017356012225
2012-04-22,-0.3237072572547671,0.10219763586043219,5,0.30596,0.3247,0.2792,0.12931253236648074
2012-04-29,-0.2179248473697693,0.0719372468135191,5,0.29274,0.2999,0.2859,0.1280012587882618
2012-05-06,-0.21957819506062076,0.06170112312636537,5,0.27512,0.2854,0.2679,0.1293590461629154
2012-05-13,-0.11508274744720118,0.076493671879101,5,0.25844,0.2702,0.2483,0.053036381444578874
2012-05-20,-0.2988905067316555,0.09718216055278033,5,0.24328,0.2453,0.2409,0.06968642414749426
2012-05-27,-0.24433226018672763,0.10327441027672675,5,0.26718000000000003,0.2948,0.2287,0.12377312396985078
2012-06-03,-0.3112836115570627,0.07121065305453421,4,0.3094,0.3335,0.2732,0.2566945301276446
2012-06-10,-0.3172828295738685,0.09801704602695904,5,0.36776,0.3836,0.3495,0.14371620402542812
2012-06-17,-0.25742985203014374,0.021467071252429037,5,0.35344000000000003,0.3627,0.3405,0.1700736520659338
2012-06-24,-0.31220361472518465,0.09961553152800252,5,0.35638,0.3664,0.3459,0.20510863134580834
2012-07-01,-0.23321794319099656,0.07427120385627135,5,0.40514,0.4372,0.3907,0.23872872913207513
2012-07-08,-0.2628038529401774,0.06245854111490818,4,0.4381,0.4486,0.429,0.11550262883093032
2012-07-15,-0.3135118979671322,0.12298306447167959,5,0.4379799999999999,0.4468,0.4258,0.15431880932687717
2012-07-22,-0.3038181346131462,0.03485454567999577,5,0.37656,0.4072,0.3451,0.11014760077990726
2012-07-29,-0.31712522647274755,0.147053061176502,5,0.3789,0.3908,0.3638,0.2140794888797014
2012-08-05,-0.27024400490441886,0.04967992224549625,5,0.37068,0.4021,0.3521,0.17372936694891056
2012-08-12,-0.3290676703926273,0.09494374035566155,5,0.3874,0.404,0.3677,0.026325851498320486
2012-08-19,-0.3005478146057262,0.05974365228120358,5,0.2978,0.3398,0.2611,0.04985694772763182
2012-08-26,-0.24133407248740096,0.0966683724543595,5,0.22738,0.2422,0.2179,0.08273277787596812
2012-09-02,-0.39195002801294604,0.027865035793009387,5,0.19286,0.2081,0.1844,0.06890738488697047
2012-09-09,-0.2667085732295369,0.12834053357375166,4,0.17685,0.1968,0.1479,0.15798372134586774
2012-09-16,-0.24314644046317208,0.07156337250983323,5,0.1508,0.1555,0.1461,0.11768660132115503
2012-09-23,-0.3786048489851014,0.04600693369433045,5,0.15786,0.1654,0.1441,0.04202753068811215
2012-09-30,-0.2747779533675544,0.1346486040903915,5,0.14962,0.165,0.1281,0.11869693467147885
2012-10-07,-0.3438939150202044,0.09374806624181693,5,0.1417,0.1523,0.1306,0.04411334665313273
2012-10-14,-0.36527240715375703,0.06599207998619311,5,0.12018,0.136,0.1119,0.06218662052214899
2012-10-21,-0.3332455637923424,0.08728092305347224,5,0.11037999999999999,0.1183,0.1064,0.17346895369528736
2012-10-28,-0.33989614236992977,0.08979665944413862,5,0.10913999999999999,0.12,0.1014,0.10378841790369885
2012-11-04,-0.36904240796636256,0.07421366269825055,3,0.11886666666666668,0.1236,0.1137,0.15371650031845088
2012-11-11,-0.2693819926565924,0.09678357634793516,5,0.12684,0.1327,0.1199,0.19753457155062087
2012-11-18,-0.36951503447295647,0.15395715844314734,5,0.11586,0.1259,0.1038,0.10956535177380995
2012-11-25,-0.4096779586074585,0.0244886162958798,4,0.13375,0.138,0.131,0.14966923414068906
2012-12-02,-0.26456655829076403,0.07751263705993885,5,0.11706000000000001,0.1345,0.0993,0.08338625174372649
2012-12-09,-0.4053697543390201,0.04736412591271624,5,0.07296,0.0887,0.0582,0.05581160741098781
2012-12-16,-0.34619877488116646,0.16677457791476585,5,0.054000000000000006,0.064,0.0488,0.07825288400546992
2012-12-23,-0.38204755860425815,0.07924944491939336,5,0.04072,0.0461,0.0366,0.19519792538303135
2012-12-30,-0.37162114803829893,0.09528730738566377,4,0.0317,0.0356,0.0228,0.0661000886277529
2013-01-06,-0.3429318542228511,0.1466611454981603,4,0.020999999999999998,0.0274,0.0141,0.1962748577011401
2013-01-13,-0.34197306729655075,0.056960008446029435,5,0.034300000000000004,0.0415,0.0282,0.07116397136025766
2013-01-20,-0.23268158925291074,0.06332549353126153,5,0.03002,0.0318,0.028,0.0454700800995996
2013-01-27,-0.3265751453558079,0.09354375920672417,4,0.024925,0.0258,0.0243,0.042664212774679335
2013-02-03,-0.26559980613595147,0.03147922332676782,5,0.03382,0.048,0.0264,0.0920333270381014
2013-02-10,-0.3523121930174027,0.06998570998033564,5,0.10415999999999999,0.1256,0.0801,0.1277549526736648
2013-02-17,-0.3073920859466675,0.0934089909785715,5,0.11699999999999999,0.1252,0.1069,0.01755294921229594
2013-02-24,-0.33480733275760516,0.03416874891251283,4,0.098025,0.1087,0.087,0.17005724264769365
2013-03-03,-0.28403588019748066,0.12149177501995023,5,0.13396,0.1534,0.1043,0.19224692694296755
2013-03-10,-0.3196654715176428,0.05081498419502193,5,0.15078,0.1616,0.1433,0.048406677978279126
2013-03-17,-0.3449652985068787,0.10577507128520124,5,0.10895999999999999,0.1337,0.0853,0.07165226764209326
2013-03-24,-0.32838548860909356,0.11433847099026175,5,0.10495999999999998,0.1129,0.0934,0.1181766219501883
2013-03-31,-0.33136731980205014,0.05705187253092784,4,0.1133,0.1167,0.11,0.08132315951811042
2013-04-07,-0.24076941920557107,0.050385835702108625,5,0.09772,0.1098,0.0889,0.10093480651299591
2013-04-14,-0.14495106488083012,0.11221868740955263,5,0.12832,0.1323,0.1217,0.08504000093981448
2013-04-21,-0.3469974386471012,0.08279451891053964,5,0.1224,0.1289,0.1122,0.2517701680918098
2013-04-28,-0.23141170175254006,0.10371942089021428,5,0.12022,0.1367,0.1064,0.07221338138815339
2013-05-05,-0.27772641322106567,0.08837493827151588,5,0.08176,0.1006,0.0658,0.12253538970300402
2013-05-12,-0.32870937485290297,0.08634248388088682,5,0.044719999999999996,0.0592,0.0308,0.04992373918128256
2013-05-19,-0.289050277787143,0.1363625610632647,5,0.02454,0.0286,0.0201,0.10000030920375626
2013-05-26,-0.32521074753710877,0.14092400539812475,5,0.014660000000000001,0.0168,0.0129,0.054619532250591366
2013-06-02,-0.3352546966340171,0.08244301282087799,4,0.008799999999999999,0.0101,0.0077,0.15022262000143896
2013-06-09,-0.3194684130870202,0.15488053553963638,5,0.011640000000000001,0.0153,0.0086,0.1738321680548288
2013-06-16,-0.19833689277934724,0.09532613231952135,5,0.030359999999999998,0.0388,0.0194,0.16353647969841106
2013-06-23,-0.3871550961125031,0.0488283982450661,5,0.05874,0.1019,0.0359,0.22707035293851088
2013-06-30,-0.38083216712672613,0.07856517995458707,5,0.11804,0.1234,0.1118,0.15617584084777056
2013-07-07,-0.33624233043049906,0.07755007532501637,4,0.12835000000000002,0.1363,0.1197,0.08485547630956204
2013-07-14,-0.26350426852065423,0.09705655219322157,5,0.10398,0.1225,0.0952,0.0867605128930807
2013-07-21,-0.2862062493798736,0.0674224445186919,5,0.08538,0.096,0.0724,0.05541793047292367
2013-07-28,-0.3144748899603481,0.08701710813793471,5,0.0523,0.0602,0.042,0.04260897604716931
2013-08-04,-0.2583159352843218,0.10540770240257501,5,0.03028,0.0371,0.0235,0.08749624293730401
2013-08-11,-0.3135763348674229,0.09749430102379474,5,0.01174,0.0171,0.007,0.05516258353685076
2013-08-18,-0.3085348109071742,0.10425110726377734,5,0.0055,0.0065,0.0047,0.10028613285681019
2013-08-25,-0.3990165667401563,0.06955629569340717,5,0.0042,0.0049,0.0033,0.11012637709795396
2013-09-01,-0.25560159547977984,0.07109356566735829,5,0.013800000000000002,0.0182,0.003,0.12226242498679607
2013-09-08,-0.22914532338086813,0.07258979434993991,4,0.015349999999999999,0.0177,0.0133,0.056138578642733236
2013-09-15,-0.2558353405392791,0.10466738467891572,5,0.0153,0.0178,0.0108,0.07533879913021296
2013-09-22,-0.29401307410352073,0.04596644420108452,5,0.01354,0.0165,0.0081,0.14111816494135734
2013-09-29,-0.3546263538778185,0.1326895701289039,5,0.008799999999999999,0.011,0.0064,0.05537899887850007
2013-10-06,-0.3763895746283169,0.10819361892188364,5,0.00618,0.007,0.0056,0.1215199475873146
2013-10-13,-0.24256948271132722,0.09287571463522422,5,0.00448,0.005,0.004,0.20943870951493473
2013-10-20,-0.24783296921409853,0.1355350242735756,5,0.00324,0.0037,0.0028,0.12194649790497705
2013-10-27,-0.3066680139680617,0.04026957008439437,5,0.00292,0.0036,0.0025,0.0674895493420746
2013-11-03,-0.2660612587310164,0.0996457582749938,5,0.0045,0.0077,0.002,0.06590731591227804
2013-11-10,-0.2956564715501643,0.061973830406841436,5,0.007819999999999999,0.0108,0.0049,0.15520284152142866
2013-11-17,-0.2279101466465816,0.11899479387267727,5,0.0054800000000000005,0.0068,0.0042,0.0634626491988019
2013-11-24,-0.2306565453623956,0.07601222433758575,5,0.00814,0.0124,0.0048,0.08428778574550229
2013-12-01,-0.39950607757169465,0.12185993079680273,4,0.017125,0.0187,0.0154,0.02450379608555965
2013-12-08,-0.2699997616588411,0.12128681238550315,5,0.041999999999999996,0.0478,0.0216,0.10301511112471227
2013-12-15,-0.2249261025563256,0.1680303201550764,5,0.0396,0.0409,0.0375,0.08254108668839945
2013-12-22,-0.2752930568592358,0.03767674725328897,5,0.033139999999999996,0.0411,0.0234,0.12876751837723577
2013-12-29,-0.2884299960730473,0.07920222008867914,4,0.015449999999999998,0.0169,0.0137,0.04060298671334112
2014-01-05,-0.21492356700504556,0.1736725863360568,4,0.0219,0.0289,0.0154,0.09534844707732994
2014-01-12,-0.2654333041932826,0.12331011204583954,5,0.0157,0.0247,0.0107,0.052948497041702916
2014-01-19,-0.15404934204562948,0.17076476564052018,5,0.01434,0.0171,0.0124,0.14720599417146504
2014-01-26,-0.22974357797763723,0.12042892048960138,4,0.01555,0.0329,0.0082,0.17633448767128865
2014-02-02,-0.17978994042601318,0.03247157271245185,5,0.0284,0.0327,0.0249,0.13638958762680983
2014-02-09,-0.13901180347421388,0.15966241651615945,5,0.03284,0.0412,0.0263,0.23515952246068053
2014-02-16,-0.1790864370799731,0.04160337062502299,5,0.01702,0.0215,0.0123,0.06397379620595658
2014-02-23,-0.19456973421763724,0.08597019973688105,4,0.0088,0.0093,0.0083,0.0826711587443604
2014-03-02,-0.17973017985920817,0.0717661737508697,5,0.009479999999999999,0.0105,0.0088,0.04411395634348886
2014-03-09,-0.11487031296739555,0.07610995390133479,5,0.02892,0.0385,0.0243,0.1200392568416071
2014-03-16,-0.09185125123570721,0.09870580766384641,5,0.0165,0.021,0.0145,0.07335625087438709
2014-03-23,-0.18207528470580128,0.04146222262915612,5,0.00924,0.012,0.0079,0.1252527166313962
2014-03-30,-0.20075872606863854,0.10881264486820995,5,0.00506,0.0081,0.0033,0.08600643620180316
2014-04-06,-0.2195124741275826,0.05865217967751248,5,0.00264,0.0032,0.0023,0.12794487370745308
2014-04-13,-0.2627255104432072,0.08025977566932538,5,0.0063,0.0081,0.0044,0.2017413294792731
2014-04-20,-0.1985824768297505,0.07667814059839391,4,0.008275000000000001,0.0098,0.0074,0.06032457984490085
2014-04-27,-0.2577438539620392,0.11303183182074043,5,0.0034000000000000002,0.004,0.0026,0.08324539994843078
2014-05-04,-0.22710503830535997,0.06670246834993984,5,0.0027,0.0031,0.0024,0.03938813354981225
2014-05-11,-0.2182366046605863,0.025286455930255483,5,0.00292,0.0033,0.0026,0.0861704088330444
2014-05-18,-0.25461258580759927,0.1198286383066503,5,0.00658,0.0131,0.0017,0.11418382767365887
2014-05-25,-0.2868169556847243,0.0651709539445574,5,0.00668,0.01,0.0038,0.08554084202104081
2014-06-01,-0.3513482228014726,0.08085462288058459,4,0.00265,0.0033,0.0021,0.05044462100719519
2014-06-08,-0.2369391002945363,0.028261135231467404,5,0.0048000000000000004,0.0088,0.0024,0.044866664694433685
2014-06-15,-0.1776168875472825,0.06540160556634342,5,0.00642,0.0077,0.0049,0.06384104128059108
2014-06-22,-0.2176775512182368,0.09819680662187166,5,0.00386,0.0044,0.0031,0.05803681238387261
2014-06-29,-0.1692654516468777,0.06714379742438206,5,0.00446,0.0054,0.0033,0.06206879980506925
2014-07-06,-0.2293070547928817,0.07049227570098476,4,0.006475,0.0068,0.0062,0.05294819566291352
2014-07-13,-0.2595638479524894,0.07195442363721972,5,0.01098,0.0138,0.008,0.07029126535630786
2014-07-20,-0.262732219560929,0.062057270710365535,5,0.011899999999999999,0.0132,0.0107,0.13047246507160315
2014-07-27,-0.2781552452472553,0.07794415078755906,5,0.00868,0.0109,0.0069,0.05576336151347154
2014-08-03,-0.25289929256633525,0.11636110174956782,5,0.007600000000000001,0.0102,0.0066,0.13346845471971458
2014-08-10,-0.2987743220162929,0.04206669282078625,5,0.01296,0.0194,0.0083,0.13876403674619833
2014-08-17,-0.24677532114794837,0.14093797464591268,5,0.01686,0.0194,0.0146,0.05356168648909128
2014-08-24,-0.30832552361734555,0.06429414808520384,5,0.01222,0.0155,0.011,0.057766480651141414
2014-08-31,-0.2019515793470344,0.08689874835028058,5,0.00892,0.0104,0.0082,0.03806036864070033
2014-09-07,-0.11684922856468341,0.06895512315836672,4,0.020625,0.0238,0.0162,0.042763117203484184
2014-09-14,-0.2040543139342989,0.1099579376141132,5,0.014119999999999999,0.0194,0.01,0.06974420008414871
2014-09-21,-0.16185252107705933,0.09318112645291672,5,0.01098,0.0156,0.009,0.08159369235425648
2014-09-28,-0.15926516261337256,0.03610867823645561,5,0.02218,0.0264,0.016,0.1668027128257139
2014-10-05,-0.2812666214997863,0.10095686926259242,5,0.028220000000000002,0.0336,0.0232,0.13897055380574003
2014-10-12,-0.24167310891800903,0.09766689999901812,5,0.029820000000000003,0.0335,0.0273,0.2362718315448702
2014-10-19,-0.16833152142338897,0.07182380996265715,5,0.06028,0.087,0.0292,0.16603219128599137
2014-10-26,-0.13054926696091895,0.10531690226690922,5,0.0658,0.0857,0.0455,0.1545679506435182
2014-11-02,-0.18980985347405074,0.09254985191116523,5,0.029599999999999998,0.0383,0.0231,0.10235092548661698
2014-11-09,-0.23840997179317247,0.05874795258011557,5,0.01354,0.0156,0.0114,0.05891129379698569
2014-11-16,-0.18787344950984627,0.08010534517813672,5,0.008400000000000001,0.0101,0.0062,0.02437005438514564
2014-11-23,-0.24981528799541022,0.08199183334263613,5,0.00584,0.0082,0.0046,0.04986879717122776
2014-11-30,-0.3098836570781423,0.07340482948140335,4,0.005975,0.0079,0.0048,0.03870097351756481
2014-12-07,-0.3384987947851992,0.03934828028578783,5,0.00786,0.0086,0.0057,0.08169904058476983
2014-12-14,-0.27774886852339215,0.11620750654774879,5,0.013140000000000002,0.0175,0.0103,0.14970035373078555
2014-12-21,-0.23646641540463528,0.06895603949655371,5,0.023,0.026,0.0201,0.24267883130934817
2014-12-28,-0.25303407195093125,0.08662123214471809,4,0.0179,0.022,0.0128,0.03154712171809612
2015-01-04,-0.35182826121166927,0.04659984530075662,4,0.0078,0.0098,0.0065,0.08073336345978237
2015-01-11,-0.19277755651913292,0.04481401200960588,5,0.0253,0.0312,0.0128,0.2436819483393185
2015-01-18,-0.15804669613575933,0.07492914744210259,5,0.02862,0.0372,0.0226,0.14365401919900722
2015-01-25,-0.17459064345595687,0.1126571270297872,4,0.069375,0.109,0.0429,0.1329868389326437
2015-02-01,-0.16582199851880014,0.08905336267447468,5,0.11746000000000001,0.1202,0.115,0.16727158989992963
2015-02-08,-0.14146256653256845,0.07981003365358842,5,0.12276000000000001,0.1343,0.1107,0.13730062941396817
2015-02-15,-0.1266256079762959,0.04337671329005135,5,0.09396,0.1,0.086,0.09984688776547361
2015-02-22,-0.21285960487472627,0.09219335453300503,4,0.07265,0.0804,0.0617,0.047408449312948506
2015-03-01,-0.08641481222213873,0.040220412914832644,5,0.046560000000000004,0.0586,0.034,0.03577651978141866
2015-03-08,-0.11518735423207357,0.08004880713160153,5,0.0284,0.0323,0.0242,0.12050643164380127
2015-03-15,-0.1551836042869656,0.06688180117448578,5,0.09752000000000001,0.1472,0.0318,0.17289351112864812
2015-03-22,-0.10006914447002335,0.09788515570430495,5,0.1688,0.1932,0.1506,0.13057490638327718
2015-03-29,-0.17250869966603705,0.03762363218698163,5,0.18386,0.1958,0.1662,0.1015354125678208
2015-04-05,-0.1988676711147349,0.1331456415357823,4,0.16935,0.1735,0.1652,0.1439406694156022
2015-04-12,-0.12198643429618172,0.15553207661059554,5,0.11842000000000001,0.1288,0.1106,0.05764470997269235
2015-04-19,-0.06718224258792087,0.09448546395650229,5,0.07948,0.1066,0.0629,0.09983162505696262
2015-04-26,-0.10187532258247405,0.06304242270591277,5,0.06642,0.0736,0.0589,0.06026936852780817
2015-05-03,-0.10014285394612639,0.0782207848272796,5,0.08882,0.1149,0.0719,0.1275533340930971
2015-05-10,-0.0556106736241007,0.06222127052604541,5,0.1295,0.1421,0.1193,0.14658759370358293
2015-05-17,-0.11847650353304844,0.10722349588334072,5,0.12664,0.1366,0.1165,0.0931376467559298
2015-05-24,-0.050251460297908404,0.05954404467135,5,0.11714,0.1292,0.1059,0.03812060335075653
2015-05-31,-0.08293259486624674,0.1014402106661001,4,0.09525,0.1002,0.0908,0.13814729494418468
2015-06-07,0.02077847224324484,0.06198452877038202,5,0.11366000000000001,0.1282,0.0912,0.07034365738917243
2015-06-14,-0.03641045393663579,0.05815272610922193,5,0.14776,0.1554,0.1416,0.1253360016057698
2015-06-21,-0.039619381765159986,0.05867548392764176,5,0.15578,0.1592,0.1479,0.1232894746554338
2015-06-28,-0.03435669642095034,0.043353194523378914,5,0.15633999999999998,0.1677,0.1469,0.07301548303259994
2015-07-05,-0.03282536782432394,0.03092596579361759,4,0.19267499999999999,0.2009,0.1749,0.2011954990001142
2015-07-12,-0.11137607959186675,0.08016977610159999,5,0.22452,0.2307,0.208,0.17630725894849533
2015-07-19,0.024149801341854526,0.13048115334219235,5,0.25678,0.2621,0.2455,0.07551720275452062
2015-07-26,-0.004097350520793998,0.03526806845632336,5,0.21198,0.2306,0.1843,0.06589760070179708
2015-08-02,-0.06137125329346375,0.04240175209485983,5,0.18366,0.1978,0.1639,0.11333699534744178
2015-08-09,-0.02971012421362488,0.07548155721490106,5,0.13646,0.1486,0.1225,0.06527988389368423
2015-08-16,-0.02072667900046695,0.07161998728743503,5,0.12356,0.1335,0.1108,0.1242883917671257
2015-08-23,-0.004595709320245604,0.03854574134203879,5,0.15045999999999998,0.2024,0.1262,0.22917677171787407
2015-08-30,-0.021113278303949864,0.05141279925057483,5,0.27274,0.2909,0.2399,0.5017791624109939
2015-09-06,-0.008897173229649906,0.029954628854239405,5,0.3027,0.3094,0.2949,0.2902834741972773
2015-09-13,-0.03362836029238221,0.03977718668213512,4,0.292075,0.3025,0.2873,0.24824925359430491
2015-09-20,0.02042362243228829,0.07447852372104323,5,0.27926,0.3157,0.2586,0.2112316122737775
2015-09-27,-0.031218064014729253,0.05808291121813542,5,0.36636,0.3834,0.3309,0.10563820980473063
2015-10-04,-0.039867181375733377,0.07534292441739099,5,0.33142,0.3668,0.2953,0.2738294618063306
2015-10-11,0.03822480284925939,0.06948273318647771,5,0.26048,0.2795,0.2397,0.12955778812825708
2015-10-18,0.019065263727984602,0.05012039256267443,5,0.22810000000000002,0.2374,0.2128,0.13709404326638924
2015-10-25,-0.040847413776394406,0.08297103043938218,5,0.20772,0.2229,0.1966,0.14952142828163384
2015-11-01,-0.0579468365454037,0.06432174725061877,5,0.22471999999999998,0.2295,0.2188,0.09910065941844531
2015-11-08,0.04711276648359972,0.019316036723645267,5,0.19556,0.2122,0.1844,0.09284448269135305
2015-11-15,0.012412932781815938,0.049826217671931544,5,0.19638,0.2052,0.1821,0.10331943289468339
2015-11-22,-0.010284966340767318,0.029674945082667038,5,0.19846,0.2107,0.1789,0.13135565589749912
2015-11-29,-0.061839891354918394,0.04604666430443469,4,0.155475,0.1677,0.124,0.018523329934346168
2015-12-06,0.047000076653688036,0.11631174782100168,5,0.13486,0.2069,0.0846,0.22231529821388313
2015-12-13,-0.028527281743861987,0.06810523857748325,5,0.2686,0.2954,0.2286,0.1254920009895823
2015-12-20,-0.017101663856390965,0.08025831872951142,5,0.28974,0.3043,0.2786,0.2674958286547255
2015-12-27,-0.057324323705859506,0.052097890974442625,4,0.2732,0.279,0.2641,0.09552392847425338
2016-01-03,-0.09746081869312835,0.07453257941924313,4,0.221575,0.2419,0.1966,0.14493131110379393
2016-01-10,-0.044464910341956695,0.10409780226327721,5,0.20064,0.2322,0.18,0.1472156339078648
2016-01-17,-0.08281020979548898,0.03091721903004546,5,0.24290000000000003,0.2617,0.2346,0.29117716725579795
2016-01-24,-0.051059157282456434,0.02710997494966832,4,0.2623,0.2729,0.2479,0.21696913995869976
2016-01-31,-0.04233763824397958,0.03164339226762828,5,0.25314000000000003,0.2579,0.2431,0.2616861148658563
2016-02-07,-0.02244830615997822,0.06400075749716233,5,0.25078,0.2706,0.2324,0.18718125899611845
2016-02-14,-0.013067822341795399,0.04547575735031898,5,0.33248,0.3584,0.305,0.21915658862698711
2016-02-21,-0.01768393997803284,0.06294030132285318,4,0.33225,0.3592,0.309,0.17354827128196681
2016-02-28,-0.030111389086728634,0.042890523165794524,5,0.30402,0.3187,0.2815,0.17539398206879903
2016-03-06,0.0024795288412548986,0.02646500155802889,5,0.30457999999999996,0.3184,0.2948,0.17782893559837284
2016-03-13,-0.094491960883171,0.06602803040837148,5,0.30052,0.3212,0.2897,0.15383147462618582
2016-03-20,-0.053700087049114185,0.06628002686101021,5,0.3113,0.319,0.3064,0.06469096255512193
2016-03-27,-0.015849314495628354,0.06141435047860346,4,0.268825,0.2891,0.2526,0.05558139131118671
2016-04-03,-0.010288042003255235,0.051999030014978305,5,0.20122,0.2116,0.196,0.07427917765926059
2016-04-10,0.010090094932831514,0.03830064582365225,5,0.19154,0.1963,0.1871,0.14928630792872027
2016-04-17,0.005262153820864328,0.03807444715672288,5,0.1835,0.1959,0.172,0.09493151853113742
2016-04-24,0.015327983917111421,0.029994854376751364,5,0.15748,0.1635,0.1461,0.0720567650693404
2016-05-01,-0.0030511566337695526,0.03159939794207999,5,0.18256,0.2155,0.1705,0.07509252239476344
2016-05-08,-0.023832306087738602,0.046694781514073275,5,0.246,0.2564,0.2117,0.10708075624840148
2016-05-15,-0.035040023108426945,0.045263271179395555,5,0.22252,0.2415,0.1972,0.14065547883620821
2016-05-22,-0.033940021297364516,0.06875965497713116,5,0.15572,0.1758,0.1415,0.1213038878305432
2016-05-29,0.008064784993892338,0.05269657673946457,5,0.16186,0.1721,0.1432,0.08961308863460697
2016-06-05,-0.036567341176315736,0.05055523893949515,4,0.153925,0.1622,0.1383,0.0467278401639866
2016-06-12,-0.03758540469716345,0.023351685817436504,5,0.15975999999999999,0.1897,0.1503,0.09089321717256836
2016-06-19,-0.04032456803212512,0.0522235767331298,5,0.23199999999999998,0.2478,0.212,0.07779720842297183
2016-06-26,-0.042486170692028716,0.03247131174828156,5,0.28490000000000004,0.3593,0.2605,0.3079604703565262
2016-07-03,-0.03530307880354186,0.025243319691445852,5,0.45115999999999995,0.47,0.4163,0.23945545009067665
2016-07-10,0.0477733229717254,0.036150382984036056,4,0.4496,0.4656,0.4292,0.14919500858279452
2016-07-17,0.04409200451484909,0.03695427380102873,5,0.39646,0.4133,0.3792,0.05807216307905554
2016-07-24,0.05361867117046937,0.034206341197592346,5,0.34432,0.3658,0.3206,0.05688458779340772
2016-07-31,0.08720509290567346,0.023226723061152046,5,0.29092,0.3061,0.2759,0.02818536826007169
2016-08-07,0.0680969626312555,0.04142926334044129,5,0.28054,0.2894,0.2638,0.0844715985628068
2016-08-14,0.0650465277764669,0.0477218357184407,5,0.26382,0.2833,0.2384,0.042532162562660195
2016-08-21,0.04885281636305103,0.029637459756101596,5,0.20390000000000003,0.2255,0.1895,0.05365795592143459
2016-08-28,0.07566139916425432,0.021141733911395566,5,0.17624,0.1864,0.1575,0.041843189209879485
2016-09-04,0.04564736377238524,0.024287853486993076,5,0.14466,0.1519,0.1333,0.0562822416420895
2016-09-11,0.013911720899691346,0.046696886681176365,4,0.118325,0.1234,0.1125,0.19703395481933936
2016-09-18,0.04072570753826888,0.06889875051595484,5,0.13147999999999999,0.1392,0.1149,0.1929573639519851
2016-09-25,0.03250300002966803,0.021014661526519388,5,0.14804,0.1766,0.1291,0.10193995170502139
2016-10-02,0.01593677845220883,0.040228781467148894,5,0.19792,0.2048,0.1891,0.1298669516082938
2016-10-09,0.034668096137923515,0.03527280435567283,5,0.1752,0.1884,0.1689,0.05985627209084811
2016-10-16,0.027680178969332957,0.05320145646285024,5,0.15733999999999998,0.1711,0.1462,0.10801479805363735
2016-10-23,0.06529581239025851,0.05748041898576882,5,0.1669,0.1771,0.1516,0.06077656678043176
2016-10-30,0.06272958429793526,0.027265653855491533,5,0.14184000000000002,0.1459,0.1388,0.050252729940585134
2016-11-06,0.07520450732026315,0.05473176294522342,5,0.15598,0.1717,0.1423,0.05004531695439013
2016-11-13,0.08605061122670117,0.04121968386626079,5,0.16384,0.1737,0.1573,0.14732641067013058
2016-11-20,0.05352242609777509,0.04228519389220411,5,0.16762000000000002,0.1715,0.163,0.0699085263692378
2016-11-27,0.04989683308318947,0.03618983870287083,4,0.166025,0.1732,0.1569,0.0479288106513562
2016-12-04,0.043316659155683265,0.0543745851839568,5,0.15794000000000002,0.1688,0.1492,0.04462342152979628
2016-12-11,-0.1268036473620493,0.2951826966232791,5,0.17307999999999998,0.1866,0.1623,0.06619527466818696
2016-12-18,-0.22197478835978837,0.37056268075422794,5,0.1978,0.2042,0.1916,0.10768030545624542
2016-12-25,0.08593937150538644,0.044084961476090034,5,0.18852,0.2019,0.1709,0.04396504827932216
2017-01-01,0.04287374960609975,0.0676570427479068,4,0.127675,0.1433,0.1154,0.07384662115701698
2017-01-08,0.07025027333613912,0.03423921093398237,4,0.102325,0.1082,0.0997,0.057957027116794305
2017-01-15,0.07286452375557831,0.024948609891113853,5,0.09952,0.1031,0.0934,0.043741524173258946
2017-01-22,0.07073349933045267,0.057103557933642086,4,0.10355,0.1044,0.1021,0.06085591871765741
2017-01-29,0.0726893462228646,0.026774378177711868,5,0.10206,0.1054,0.1008,0.08184125760184631
2017-02-05,0.0638041482603889,0.03770749027575249,5,0.11172,0.1201,0.1031,0.07359159713937777
2017-02-12,0.09971710205184518,0.02800146960663795,5,0.13078,0.1405,0.1199,0.04872251641178904
2017-02-19,0.09855030437612945,0.02336598523284401,5,0.09834000000000001,0.1092,0.0892,0.042433712741516125
2017-02-26,0.09455788344366542,0.023935493713618933,4,0.08107500000000001,0.0833,0.0792,0.046625718056681593
2017-03-05,0.05622737299659221,0.018630894318625038,5,0.07938,0.0821,0.0767,0.1212274219940671
2017-03-12,0.05783935698547445,0.02587024554851388,5,0.0854,0.0875,0.0828,0.04577370253178254
2017-03-19,0.09345754407615162,0.0405340800431604,5,0.0884,0.0935,0.0837,0.09005119234715256
2017-03-26,0.04765420606943009,0.038922331547287116,5,0.06836,0.0818,0.0607,0.09362433434111965
2017-04-02,0.08573599868631976,0.05181002519219522,5,0.05212,0.0532,0.0511,0.0600362679864302
2017-04-09,0.055831518487998145,0.05230059850443195,5,0.06906,0.0723,0.0604,0.03564513643386236
2017-04-16,0.0423041133006985,0.039052332756898754,4,0.05585,0.0648,0.0488,0.050563269670523395
2017-04-23,0.09106169007877309,0.04751743477545528,5,0.04528,0.048,0.0435,0.09726348179855625
2017-04-30,0.062382069600323095,0.03483200750393522,5,0.06936,0.0851,0.0403,0.08531765308587022
2017-05-07,0.01403227906276105,0.04523252251174419,5,0.0772,0.0839,0.0717,0.03132255183891719
2017-05-14,0.08772776826808973,0.03026304778081981,5,0.04942,0.0618,0.0396,0.024151737997022412
2017-05-21,0.06616297467106831,0.04645040123584858,5,0.03832,0.0417,0.0325,0.16038932394081462
2017-05-28,0.0719956151782229,0.04055500268140221,5,0.026600000000000002,0.0381,0.0192,0.034236742949682646
2017-06-04,0.05032588052083113,0.023403846782870174,4,0.011375,0.0148,0.0089,0.0641326045666849
2017-06-11,0.06134433881145662,0.05423482488832631,5,0.00664,0.0108,0.0047,0.030555091124355775
2017-06-18,0.04523256323195376,0.02690339431898564,5,0.010159999999999999,0.013,0.0072,0.05541112229522803
2017-06-25,0.050639809452782084,0.016217417762327692,5,0.00888,0.0099,0.0077,0.08526648840311996
2017-07-02,0.05272964190300696,0.03384686155922605,5,0.01214,0.0167,0.0086,0.1178998907185464
2017-07-09,0.041980953577543695,0.03213217884257255,4,0.013600000000000001,0.0162,0.0119,0.10608288170554703
2017-07-16,0.07407590508620035,0.02857858304249514,5,0.01052,0.0117,0.0086,0.05155265254667513
2017-07-23,0.057357746278575227,0.006987588193154765,5,0.00866,0.01,0.0075,0.039440994158191765
2017-07-30,0.07089970754025347,0.019523711511450957,5,0.00668,0.0077,0.0054,0.022722283609429444
2017-08-06,0.01738937333035921,0.06280012455771976,5,0.00496,0.0054,0.0047,0.027241671776177947
2017-08-13,0.04484699558968811,0.019103127407728553,5,0.007520000000000001,0.0107,0.0049,0.10588112559799844
2017-08-20,0.02454330446899386,0.041693681351107105,5,0.00848,0.0112,0.0065,0.14700291614192
2017-08-27,0.0290861977048051,0.030563453145535387,5,0.00412,0.0058,0.0018,0.08734156486815771
2017-09-03,0.06825467345479405,0.022767950440487048,5,0.0031399999999999996,0.0045,0.0014,0.04056860342061375
2017-09-10,0.06452914295438272,0.013673810297481197,4,0.0025,0.003,0.0023,0.0700824028543931
2017-09-17,0.013791384470014564,0.02604735746786013,5,0.00726,0.0097,0.0036,0.08513253808904386
2017-09-24,0.014257017677069527,0.03606621042571429,5,0.007680000000000001,0.0091,0.0064,0.02826614998544395
2017-10-01,0.027283641781769404,0.016421776056537038,5,0.00568,0.0076,0.0047,0.03821701449343396
2017-10-08,0.02079541761470971,0.013760623732758815,5,0.00966,0.0114,0.0073,0.043518402835517486
2017-10-15,0.049335248809059484,0.04769198854165818,5,0.01162,0.0143,0.0084,0.03053911997469936
2017-10-22,0.034124412313651376,0.01875322828218315,5,0.00494,0.0067,0.0034,0.03131246465537844
2017-10-29,0.003949257109979557,0.042352844259188595,5,0.00606,0.0101,0.0039,0.08316469760144445
2017-11-05,0.010648775181937815,0.018747207350611722,5,0.00848,0.0096,0.0074,0.04178454262344599
2017-11-12,0.027213172158214817,0.038649350618270635,5,0.00528,0.0075,0.003,0.03430428334955348
2017-11-19,0.03829371069564373,0.0778615145415587,5,0.00224,0.0035,0.0018,0.08385319110339823
2017-11-26,0.05064698352073479,0.040272958443887556,4,0.002075,0.0028,0.0011,0.04872964214812312
2017-12-03,0.015711978004978745,0.024663684977751312,5,0.0016399999999999997,0.0042,0.0007,0.09187231042496166
2017-12-10,0.03400182389868097,0.03199002186876487,5,0.00408,0.0052,0.0032,0.05658848326255902
2017-12-17,0.05691230752052119,0.059791290637017054,5,0.00234,0.0032,0.0016,0.047832678820584174
2017-12-24,0.04967653710209804,0.022944688015290024,5,0.0025,0.0035,0.0018,0.05967986330426054
2017-12-31,0.10158687064270715,0.04515734716766023,4,0.0014,0.0016,0.0012,0.039616914299166625
2018-01-07,0.08460643478227206,0.07555204306613761,4,0.0018,0.0024,0.0014,0.020462261662807044
2018-01-14,0.05050784747694894,0.028740439006126366,5,0.00434,0.0091,0.0017,0.057547015135861454
2018-01-21,0.018361876706154436,0.023702804907565805,4,0.00265,0.0039,0.0012,0.09403328921641452
2018-01-28,0.05962843854284365,0.01481900893781979,5,0.0015800000000000002,0.0023,0.0011,0.08255247327183438
2018-02-04,0.029303250297161704,0.024817906476582916,5,0.0027400000000000002,0.0073,0.0013,0.1425891554723421
2018-02-11,0.00906142238835705,0.04285932576808383,5,0.03992,0.0503,0.0207,0.46139307222270953
2018-02-18,0.03877997245092481,0.01448109369875732,5,0.036860000000000004,0.0455,0.0311,0.10703311578123212
2018-02-25,0.009214067204853354,0.03979699215846238,4,0.020325,0.0248,0.0165,0.16072613931884144
2018-03-04,0.017466431386790698,0.027881858097614256,5,0.0123,0.0153,0.0094,0.18615726162923102
2018-03-11,0.03208996921807079,0.03356144515352926,5,0.01236,0.0155,0.0093,0.11340416931689928
2018-03-18,0.012325466245585667,0.03294640287806643,5,0.00694,0.0085,0.0048,0.0378331520916294
2018-03-25,0.005520647588055416,0.019342112870882125,5,0.01108,0.0232,0.0048,0.18786026441161505
2018-04-01,0.013073050311095529,0.028057855695461455,4,0.036,0.0387,0.0321,0.3035791486713958
2018-04-08,0.0037499310462498435,0.028718182142591402,5,0.02186,0.0264,0.0193,0.2847399618591281
2018-04-15,0.03264169504968149,0.016602401629256112,5,0.01602,0.0188,0.0135,0.1353500831736321
2018-04-22,0.02309513890394986,0.030922122239781732,5,0.00912,0.0129,0.0047,0.13240427912613223
2018-04-29,0.04336606951786555,0.02312555844257153,5,0.0031399999999999996,0.0035,0.0025,0.13589503166491138
2018-05-06,0.03401677665262228,0.02922069739265429,5,0.00222,0.0027,0.0017,0.1322676143704921
2018-05-13,0.05647810287202328,0.040264923499548404,5,0.00306,0.0041,0.0023,0.06702784424208728
2018-05-20,0.05415770415053659,0.011853256404154083,5,0.00302,0.0044,0.0023,0.06464470113068299
2018-05-27,0.03436057030962412,0.03365649230262105,5,0.01302,0.0206,0.0072,0.07076198254908571
2018-06-03,0.032875513436565196,0.03721453928378174,4,0.0711,0.0797,0.0557,0.19130652880442914
2018-06-10,0.06555132244490176,0.018808808321561243,5,0.07764,0.08,0.0747,0.05364797559917378
2018-06-17,0.07321423348339376,0.047307215973119425,5,0.07526,0.078,0.0709,0.05623668247600187
2018-06-24,0.024451098817178406,0.020870767770764742,5,0.06255999999999999,0.0715,0.0514,0.05598501404024551
2018-07-01,0.0034063084224517093,0.02100545652734723,5,0.050460000000000005,0.0519,0.0485,0.12906412608185222
2018-07-08,0.0020732389830508584,0.03421642735983257,4,0.051425,0.06,0.0421,0.0901176413369342
2018-07-15,0.04287558765407914,0.0356965608667417,5,0.03988,0.0414,0.039,0.10768456659689968
2018-07-22,0.0894861710714945,0.029934829011190146,5,0.032279999999999996,0.0351,0.0253,0.04833180180484327
2018-07-29,0.04504786439822413,0.014741349791131229,5,0.01954,0.0226,0.0168,0.09550464684489525
2018-08-05,0.064608764206557,0.04200680616281382,5,0.009999999999999998,0.0136,0.0067,0.075421370573487
2018-08-12,0.07726734237254798,0.02273651631976742,5,0.00834,0.0143,0.0056,0.06689274894441734
2018-08-19,0.048189048304904364,0.030644881407444882,5,0.02092,0.0235,0.0182,0.10620871806374385
2018-08-26,0.08131034106205307,0.029701353236899774,5,0.01578,0.0196,0.0127,0.04596215813893532
2018-09-02,0.0884505862641033,0.01490988479531723,5,0.009479999999999999,0.0122,0.0071,0.07469060693852142
2018-09-09,0.0351086609384027,0.011134724312602503,4,0.016974999999999997,0.0196,0.014,0.009684731609016372
2018-09-16,0.07097353791926912,0.0296931343846514,5,0.0154,0.0185,0.0104,0.038063910502424345
2018-09-23,0.05894841259942699,0.015597530892956277,5,0.00746,0.0094,0.0047,0.09731826337818178
2018-09-30,0.08829801564709813,0.023421136659964523,5,0.005,0.0059,0.0041,0.03961578821626332
2018-10-07,0.061185966059029304,0.023988472636168552,5,0.01204,0.017,0.0065,0.07345127581550184
2018-10-14,0.05371506030900114,0.04303079909040998,5,0.0598,0.0944,0.031,0.29367357695684015
2018-10-21,0.05929900985093274,0.03879671949603721,5,0.10352000000000001,0.1073,0.0984,0.2116861654161401
2018-10-28,0.05034260727543468,0.0061191017221838805,5,0.12265999999999999,0.1356,0.1049,0.28602647639272366
2018-11-04,0.05190569019902723,0.027206100249072877,5,0.12704,0.1446,0.1088,0.15637861915754653
2018-11-11,0.10952943237652224,0.0446413178033222,5,0.1142,0.1218,0.1041,0.18224374932675327
2018-11-18,0.046856017915794586,0.029060436727631287,5,0.0876,0.0949,0.0817,0.17356389987704615
2018-11-25,0.052901897483416976,0.02493022286755364,4,0.132225,0.1503,0.1052,0.16277482955568426
2018-12-02,0.09340124015513349,0.04361174631723771,5,0.14838,0.1604,0.129,0.15953409224221796
2018-12-09,0.04042464539757665,0.03456117224650823,4,0.148275,0.1631,0.1358,0.331849449187395
2018-12-16,0.055882938594933075,0.03834262210214535,5,0.19304000000000002,0.2002,0.1873,0.14814017578956865
2018-12-23,0.04595434881198856,0.02540838152141777,5,0.19028,0.1964,0.1749,0.1481075434006895
2018-12-30,0.06402156543868737,0.032591466941911125,4,0.167525,0.1768,0.1589,0.5018603440403419
2019-01-06,0.05418069603983311,0.0036772943887985843,4,0.144125,0.1701,0.1176,0.3734034615316885
2019-01-13,0.07262556829583519,0.04842045865308296,5,0.15334,0.1618,0.1396,0.05643041982676162
2019-01-20,0.09107014816765208,0.020200139767358224,5,0.13674,0.1481,0.1312,0.12371884753109978
2019-01-27,0.10627340029102852,0.03274541302209215,4,0.128175,0.1433,0.1066,0.14751178506655865
2019-02-03,0.09272464032086827,0.05480180341704492,5,0.10928,0.1159,0.1022,0.14469351615947268
2019-02-10,0.0822620935038783,0.030458361968885943,5,0.09468000000000001,0.0976,0.089,0.10076502575082852
2019-02-17,0.1085271585660658,0.016994436931437686,5,0.09012,0.0947,0.0854,0.1033550960545812
2019-02-24,0.12652903815220334,0.051755653238482,4,0.081925,0.0893,0.0706,0.06337872343195619
2019-03-03,0.08876383996919605,0.034336721781227285,5,0.05908,0.0675,0.0548,0.050561975140237476
2019-03-10,0.0681805439498734,0.017015770985634657,5,0.04092,0.0492,0.0276,0.046495874704813214
2019-03-17,0.07351137157725902,0.058408260089413834,5,0.057479999999999996,0.0616,0.0519,0.09528719459002413
2019-03-24,0.08852668994465068,0.015971476169797924,5,0.05786,0.0615,0.0551,0.18017164370702732
2019-03-31,0.11096543255451381,0.02655556121592802,5,0.08122,0.0902,0.0717,0.08346453463165468
2019-04-07,0.09606104695545473,0.019078096187141087,5,0.0817,0.0902,0.0726,0.07145533151823885
2019-04-14,0.12056345045401107,0.03242110756994443,5,0.04986,0.0646,0.0394,0.07013777767326937
2019-04-21,0.0964299483898289,0.04100205771249157,4,0.03325,0.0374,0.0286,0.029940600961745726
2019-04-28,0.11099321824841177,0.025636531340840072,5,0.0235,0.0255,0.0202,0.07133066161992907
2019-05-05,0.10509560208515574,0.04666529236838811,5,0.01336,0.017,0.0096,0.09986144443122409
2019-05-12,0.07831705013363002,0.010413475049858019,5,0.0165,0.0298,0.0074,0.12645368489543388
2019-05-19,0.10399578820935178,0.03162418955424806,5,0.05194,0.0563,0.0429,0.2351338527307405
2019-05-26,0.06671321323623888,0.0335115398811158,5,0.06639999999999999,0.0736,0.0608,0.12972776757347185
2019-06-02,0.05374206166495077,0.045289813004224355,4,0.07815,0.0823,0.0685,0.10960706202156967
2019-06-09,0.05559312126084125,0.024669292143974002,5,0.08116,0.086,0.0781,0.13658536827575565
2019-06-16,0.07757009991260545,0.03421063578925547,5,0.06264,0.0706,0.0547,0.04768304462286892
2019-06-23,0.09910747122873045,0.05167449099725636,5,0.030220000000000004,0.0447,0.0247,0.1097205437708177
2019-06-30,0.09593146250196807,0.03730888019132998,5,0.0208,0.0215,0.0192,0.09263019699534392
2019-07-07,0.10523532490099796,0.025578833881134633,4,0.014975,0.0166,0.0126,0.07553874921791696
2019-07-14,0.0917934501288047,0.030852611480930048,5,0.01298,0.0145,0.0114,0.06611269450659647
2019-07-21,0.10811143438192963,0.032012376117044446,5,0.013139999999999999,0.016,0.0113,0.06848414317225487
2019-07-28,0.10380443061413329,0.040681907125041064,5,0.0094,0.0131,0.0068,0.07698799961478567
2019-08-04,0.10990515030347583,0.026533816347996838,5,0.01592,0.0343,0.0051,0.06373035718716556
2019-08-11,0.07000390890972964,0.035156075304095494,5,0.0781,0.104,0.058,0.312341475679225
2019-08-18,0.050143913562810116,0.03702089817701635,5,0.12052,0.1462,0.1049,0.306613966925969
2019-08-25,0.06410791359406345,0.04346391985878983,5,0.16655999999999999,0.1816,0.1526,0.23899475601490175
2019-09-01,0.06096338086019941,0.01955983493563998,5,0.16032000000000002,0.1705,0.1375,0.11454523291944485
2019-09-08,0.07996935207369207,0.04595601864566358,4,0.12415000000000001,0.1314,0.1115,0.140675859363774
2019-09-15,0.09018004387208448,0.0333481046926293,5,0.12048,0.135,0.1067,0.05163381590886322
2019-09-22,0.07917924894890456,0.04167953435838462,5,0.10684,0.113,0.1012,0.07362442500414389
2019-09-29,0.016533868748735473,0.042381522738835345,5,0.09172,0.1061,0.0784,0.08384755033895533
2019-10-06,0.040395286043380975,0.053747072969998304,5,0.06976,0.0762,0.0617,0.214004305698518
2019-10-13,0.07572956829661436,0.04632614378697324,5,0.07780000000000001,0.0928,0.0716,0.176790175210504
2019-10-20,0.06464408485958487,0.026943859011874238,5,0.10242,0.1078,0.097,0.08778632664389707
2019-10-27,0.13121803309404495,0.03407774513124074,5,0.08206,0.0954,0.0687,0.05877649347289365
2019-11-03,0.10634771356997792,0.04073441889192723,5,0.0529,0.0612,0.0461,0.07469377737658621
2019-11-10,0.07947097994949903,0.03261705345024885,5,0.042359999999999995,0.0446,0.039,0.0347489969551967
2019-11-17,0.12370202005220647,0.0323977145855479,5,0.03876,0.0405,0.0355,0.05350034524461254
2019-11-24,0.08510535424738695,0.014981126063506814,5,0.03266,0.0366,0.0292,0.03603740200269341
2019-12-01,0.15632672273545176,0.01678119269219597,4,0.0202,0.0242,0.0152,0.07646535496407744
2019-12-08,0.10595247182109697,0.05465674789340738,5,0.01872,0.0259,0.0084,0.12326187236155352
2019-12-15,0.11494027678295682,0.036661445059285494,5,0.02468,0.0259,0.0231,0.0715201042965813
2019-12-22,0.12018217458674743,0.01666649304558596,5,0.02782,0.0289,0.0266,0.05087898239982355
2019-12-29,0.15961405972726356,0.03965144961583729,4,0.032775,0.0341,0.0307,0.04060357300553532
2020-01-05,0.08567769670661186,0.055755317342692824,4,0.0282,0.0365,0.0231,0.12309599150994893
2020-01-12,0.06055673419279504,0.055297648153964395,5,0.01774,0.02,0.0159,0.07270858735320605
2020-01-19,0.10665779103891712,0.01760499051427376,5,0.014679999999999999,0.0178,0.0098,0.06181631536861367
2020-01-26,0.061596729648523876,0.04255232963643484,4,0.0068,0.008,0.0052,0.07205080966176401
2020-02-02,0.01765301325347236,0.02313632751649699,5,0.02488,0.0332,0.0202,0.19812428928634443
2020-02-09,0.07596480486276637,0.017466242866941366,5,0.028200000000000003,0.0313,0.023,0.12553444272442352
2020-02-16,0.09160269903843785,0.02013578474705952,5,0.01848,0.0194,0.0172,0.05682853668310449
2020-02-23,0.08023846778308286,0.016395196530038073,4,0.012775,0.0149,0.0111,0.09863554488337169
2020-03-01,0.016555989114034206,0.004829502565233055,5,0.08536,0.1705,0.0324,0.29974263633389303
2020-03-08,-0.0031293674016126304,0.034578736876458564,5,0.26505999999999996,0.3174,0.2149,0.602082515455195
2020-03-15,0.0012553240399090144,0.010433871650098344,5,0.47926,0.5636,0.4007,1.2926302725423788
2020-03-22,0.0013897413249929756,0.02176002808498006,5,0.62924,0.6722,0.5848,1.0062903578616214
2020-03-29,-0.027038027133164538,0.011659794224141293,5,0.66174,0.6716,0.653,0.8117647388053062
2020-04-05,-0.034580054470510956,0.030997555173674432,5,0.6720200000000001,0.6825,0.662,0.5028051010646297
2020-04-12,-0.00993237632655837,0.01770337337582057,4,0.6141,0.64,0.5863,0.43838143056614864
2020-04-19,0.008501087082043089,0.016408100425946256,5,0.51662,0.5416,0.4892,0.3500819618590042
2020-04-26,0.021961920229390114,0.021029365038748738,5,0.4657,0.4798,0.445,0.3466102504083726
2020-05-03,0.06572023368467682,0.01919444928415559,5,0.40194,0.43,0.3813,0.3273815484895704
2020-05-10,0.06305889649485932,0.013520665301964139,5,0.36528,0.3694,0.3612,0.14340587325355758
2020-05-17,0.07271547504169888,0.014408914452931687,5,0.34538,0.3542,0.3355,0.22389516701184237
2020-05-24,0.06954548697331049,0.017525636899764857,5,0.31018,0.3236,0.2872,0.2684458201395092
2020-05-31,0.09397923893433874,0.017638994193574484,4,0.2559,0.2662,0.2464,0.1202037813750954
2020-06-07,0.0615569588945903,0.021698508471420803,5,0.24674000000000001,0.2614,0.2399,0.16690784675862663
2020-06-14,0.062441436595060365,0.017125139524269254,5,0.25962,0.2769,0.2475,0.46471219634411215
2020-06-21,0.029574813019523406,0.029161192248457427,5,0.25274,0.264,0.2437,0.18237465072819217
2020-06-28,0.07831173284827088,0.020505288528537672,5,0.21012,0.2232,0.2061,0.28195370351015336
2020-07-05,0.102612696041391,0.011295057813837425,4,0.2107,0.2284,0.1981,0.0697679125462477
2020-07-12,0.10811544978552493,0.011641892822882732,5,0.20158,0.2176,0.1819,0.17354710401770584
2020-07-19,0.10452751077607811,0.02775370324511305,5,0.1897,0.1959,0.183,0.1399591316559998
2020-07-26,0.10338476328474819,0.026782934656080136,5,0.1526,0.1801,0.1364,0.1342273779979804
2020-08-02,0.10800351930704585,0.0263321603503038,5,0.12702,0.1377,0.1134,0.12717152471660045
2020-08-09,0.13867109168857122,0.02208877105009024,5,0.13734,0.1437,0.132,0.04159828552670592
2020-08-16,0.11753800752781737,0.027555604116491002,5,0.12625999999999998,0.1333,0.1209,0.1288323361938474
2020-10-04,0.3325096791582342,0.45377011946107126,3,0.1268,0.1312,0.1234,0.13144365982193087
2020-10-11,-0.03336201671304596,0.22243504018637353,5,0.10278000000000001,0.1137,0.0928,0.20642352165683112
2020-10-18,-0.18302344489537653,0.06649821234914606,5,0.08688,0.0955,0.0771,0.14611476884413807
2020-10-25,-0.10587869444400963,0.10861939756871453,5,0.09156,0.0996,0.081,0.13560740789119344
2020-11-01,-0.20762963269615792,0.2508219112194448,5,0.11908,0.1253,0.1135,0.2663218890726638
2020-11-08,-0.17374978260869564,0.10972051574944063,5,0.11754,0.1248,0.1072,0.1412653864248808
2020-11-15,0.017693041117893032,0.21331596447272502,5,0.0771,0.0969,0.0583,0.15802775016012313
2020-11-22,0.07009105266856354,0.042448226750572776,5,0.09809999999999999,0.1012,0.0921,0.15520927863997389
2020-11-29,-0.10550644874230836,0.18978414071565541,4,0.070525,0.0855,0.0586,0.11837010495457075
2020-12-06,-0.058880462078838014,0.19135250442591878,5,0.03432,0.0536,0.0277,0.10019463661559988
2020-12-13,0.09698523011535296,0.23792871274207966,5,0.02294,0.026,0.0198,0.06956571337717819
2020-12-20,-0.23433785683889274,0.3810398070605452,5,0.02404,0.0278,0.0216,0.1351417352741482
2020-12-27,0.10448279835688853,0.14990942292402884,4,0.027725,0.0289,0.0259,0.05143881769711282
2021-01-03,0.20485355992763946,0.15161757822838517,4,0.0294,0.0336,0.0248,0.07180669984346935
2021-01-10,0.028758296739578894,0.08724078711630595,5,0.021939999999999998,0.0244,0.0208,0.1672316338028206
2021-01-17,0.11674405095331022,0.04628753246324239,5,0.01482,0.0181,0.0113,0.0690776989740028
2021-01-24,-0.2953689105256854,0.14227146753453876,4,0.010425,0.0111,0.0097,0.12085319240018494
2021-01-31,-0.2302990179914443,0.11476572413346846,5,0.01334,0.0178,0.0098,0.23557630116332515
2021-02-07,-0.06557601467394385,0.022343564606432872,5,0.022359999999999998,0.0276,0.0195,0.10642783033795687
2021-02-14,-0.03556845606370866,0.019122802594131006,5,0.02062,0.0221,0.0196,0.054628739636132795
2021-02-21,-0.0840108709002825,0.03394880577083816,4,0.0106,0.0132,0.0093,0.030394207601733992
2021-02-28,0.12194087234835263,0.15468640447180973,5,0.00726,0.0095,0.0055,0.20648102253395192
2021-03-07,0.11130079186118078,0.142255159968459,5,0.014660000000000001,0.0154,0.0132,0.28458477720961106
2021-03-14,0.1522683043852286,0.08182951793894387,5,0.014879999999999999,0.0163,0.0119,0.11881022176097583
2021-03-21,0.022008389264874816,0.07676098960440253,5,0.0097,0.0123,0.0077,0.12853650480507542
2021-03-28,-0.00877613776117956,0.0270195683680048,5,0.0034200000000000003,0.0063,0.0021,0.15552116112721273
2021-04-04,0.027069856366059922,0.19101169182956962,4,0.0029,0.0033,0.0023,0.09403352928858087
2021-04-11,0.10551917249968612,0.09383498819839405,5,0.00686,0.0077,0.0049,0.09258732183238022
2021-04-18,-0.06669951092106229,0.09739552909110676,5,0.006500000000000001,0.0087,0.0047,0.08214978457083227
2021-04-25,-0.14102272078666575,0.18488452807151098,5,0.016220000000000002,0.0239,0.0114,0.1520798885526328
2021-05-02,0.02091244617174859,0.11664720529977331,5,0.008,0.0098,0.0067,0.07442829521118384
2021-05-09,0.07182788462034766,0.2128609399627513,5,0.00938,0.0134,0.0069,0.09136774129182006
2021-05-16,-0.07390843144736377,0.1145227204397886,5,0.00968,0.0117,0.0072,0.24853110926660363
2021-05-23,-0.0031063848634278572,0.07778947855599357,5,0.00394,0.0051,0.0024,0.11233867908043729
2021-05-30,0.1328990035753993,0.16140195770978497,5,0.00606,0.0095,0.0024,0.07333306510525081
2021-06-06,0.23632069652784649,0.18156462335594428,4,0.01175,0.0134,0.0109,0.08730003349264204
2021-06-13,0.1397004556996993,0.06767092827419573,5,0.00842,0.009,0.0077,0.03903728141114397
2021-06-20,0.06585794618931103,0.28830929171107167,5,0.01336,0.0315,0.005,0.1186723589119996
2021-06-27,0.10722223604581844,0.1602265738945939,5,0.0232,0.0311,0.0165,0.08870646159637371
2021-07-04,0.2897345831862806,0.07883221192720796,5,0.014879999999999999,0.0173,0.0127,0.04948989947231151
2021-07-11,-0.06962333121309051,0.20033726114542008,4,0.0223,0.0281,0.0161,0.12671875901343346
2021-07-18,0.027423417399505778,0.18519712158080812,5,0.013419999999999998,0.0191,0.0093,0.07177875673043485
2021-07-25,-0.02740513953622269,0.105818984677929,5,0.01366,0.0169,0.0098,0.18100227311157205
2021-08-01,0.06604200901230058,0.24778115103114007,5,0.0061600000000000005,0.0083,0.0043,0.06436333125764294
2021-08-08,0.10886802613345181,0.06186347296241436,5,0.0036,0.0043,0.003,0.08717597092972064
2021-08-15,0.02607993958453539,0.03897855022428369,5,0.00242,0.0029,0.0019,0.023415264225979702
2021-08-22,0.13481690156706316,0.3014206814633199,5,0.00478,0.0083,0.0024,0.11997648367308832
2021-08-29,0.09316112152492173,0.17996882378869164,5,0.00558,0.0067,0.0048,0.0973206717104152
2021-09-05,0.110729919193955,0.09242370862274801,5,0.0061200000000000004,0.0078,0.0043,0.0383775299658895
2021-09-12,0.041059721891724896,0.19128530414574438,4,0.0109,0.0129,0.0088,0.04402426086789254
2021-09-19,-0.0013989568926835005,0.3590588842757218,5,0.009260000000000001,0.0116,0.008,0.12788298200321063
2021-09-26,-0.15940625000000008,0.4726491000974367,4,0.019625,0.0274,0.0141,0.1763700251228435
2021-10-03,-0.039801844144559506,0.3412045685116939,5,0.01416,0.0173,0.0119,0.1975181869300026
2021-10-10,0.13707672722917613,0.17115227274274689,5,0.00976,0.011,0.0076,0.14986119008893947
2021-10-17,0.20543240300915966,0.163361472424378,5,0.00476,0.0062,0.004,0.14675306213423542
2021-10-24,0.2393827679576949,0.15566614885447572,5,0.0031600000000000005,0.0034,0.0027,0.04956566372154989
2021-10-31,0.2800074321588939,0.04372525827676758,5,0.006320000000000001,0.0105,0.0036,0.08299419916689163
2021-11-07,0.378796296218734,0.1011249486009414,5,0.01076,0.0127,0.0092,0.025522107036352683
2021-11-14,0.07833955299539169,0.28026525741484126,5,0.01104,0.0154,0.0085,0.09123237360231333
2021-11-21,0.2975527860392808,0.07485153495078097,5,0.0269,0.031,0.0209,0.04624069796575444
2021-11-28,0.36077812500000006,0.14693726920264027,4,0.047825,0.0872,0.0332,0.18586459975516192
2021-12-05,0.10827998143481296,0.11275974392195696,4,0.124225,0.1296,0.1202,0.23722500150580145
2021-12-12,0.21640663304447116,0.22734921562625335,5,0.13091999999999998,0.1327,0.1293,0.1621638918497007
2021-12-19,0.12066459166226631,0.26908169271155835,5,0.09328,0.1095,0.0708,0.184163997290458
2021-12-26,0.14436585405226765,0.23995722325874821,4,0.0741,0.0779,0.0681,0.18974697110711597
2022-01-02,-0.13917917510017566,0.45776406351681936,5,0.06232,0.0697,0.0512,0.11135086976749121
2022-01-09,0.11804093503473756,0.03186611036543327,5,0.052759999999999994,0.0558,0.048,0.14952182495698663
2022-01-16,0.14998029662880227,0.019694848379019678,5,0.03824,0.0423,0.0339,0.1332853748901201
2022-01-23,0.11092896060946648,0.05491987408350782,4,0.022875,0.0239,0.0221,0.07511621920622205
2022-01-30,0.11329270913926445,0.026429697759771876,5,0.0651,0.0762,0.0506,0.22241422751358383
2022-02-06,0.12305356552932636,0.015359116542541362,5,0.07534,0.1037,0.0624,0.25090594060914406
2022-02-13,0.12393961209266899,0.005586284824717777,5,0.13534,0.1404,0.1235,0.2440220947417259
2022-02-20,0.08841491477425167,0.013379927912107485,5,0.14767999999999998,0.1523,0.1415,0.21530117630622977
2022-02-27,0.09098603695483437,0.034751598443192346,4,0.138275,0.1434,0.1338,0.30670555359276164
2022-03-06,0.09569786106414911,0.009450748093072739,5,0.17951999999999999,0.2415,0.1372,0.19968904456569123
2022-03-13,0.0968466211888443,0.011213237037605255,5,0.35141999999999995,0.3958,0.2981,0.3249656493070414
2022-03-20,0.122682312701525,0.016627586563832317,5,0.38368,0.3964,0.3718,0.19167241586482314
2022-03-27,0.1124205367933242,0.013833055116073727,5,0.33998,0.3591,0.3086,0.17474400319491593
2022-04-03,0.11185131611386982,0.021213322876552407,5,0.33736,0.3681,0.3089,0.17539657626804153
2022-04-10,0.11105200737414626,0.02740975604842729,5,0.34642,0.3701,0.3066,0.1462570795143289
2022-04-17,0.06723824336633952,0.008677764757784428,4,0.27790000000000004,0.2956,0.2553,0.19988936037255856
2022-04-24,0.061474333682283167,0.027782210262129972,5,0.22608,0.2427,0.2134,0.26446935607731836
2022-05-01,0.0358579786141857,0.032483873203311565,5,0.3181,0.3367,0.2879,0.41400595047269184
2022-05-08,0.04407576482722816,0.021159499802540744,5,0.34690000000000004,0.378,0.322,0.3808123187914948
2022-05-15,-0.0146962524784338,0.029178398393698814,5,0.35318,0.3825,0.3204,0.3337407142539466
2022-05-22,0.03301746523482521,0.01617678420910788,5,0.39540000000000003,0.4054,0.3768,0.3527704787916464
2022-05-29,0.05126944287315839,0.007640220117849062,5,0.41986,0.4295,0.4084,0.20198887933313384
2022-06-05,0.05232437569486807,0.011906243330028628,4,0.389625,0.4035,0.3724,0.24155708707121681
2022-06-12,0.06654315818986613,0.01294865050105371,5,0.3976,0.4733,0.3631,0.26652864796294523
2022-06-19,-0.02262676069736671,0.021866472393809244,5,0.51814,0.5597,0.4766,0.35864470289038125
2022-06-26,0.03404261890733269,0.016022636481644332,4,0.54705,0.5537,0.5353,0.23704838085245802
2022-07-03,0.02703695618659272,0.013086779185545768,5,0.47294,0.5044,0.4495,0.17988870208939411
2022-07-10,0.05596405074472147,0.011530656294067475,4,0.43889999999999996,0.4426,0.4332,0.10977841151240679
2022-07-17,0.0442675791333232,0.010482140498519343,5,0.41974,0.4402,0.4045,0.19214904132212277
2022-07-24,0.045925789438497365,0.012691365524410424,5,0.3846,0.4037,0.3685,0.23532972718113604
2022-07-31,0.03800176949619325,0.01040886520697635,5,0.3786,0.3968,0.3557,0.22648818885070204
2022-08-07,0.05410928866594346,0.03190372642924106,5,0.38722,0.3947,0.3791,0.13627816326922124
2022-08-14,0.06954543063857178,0.01322435182877628,5,0.36078,0.3731,0.3407,0.1811168897985062
2022-08-21,0.07564019967868314,0.021193746310752548,5,0.31776,0.3388,0.2984,0.12184461396934053
2022-08-28,0.08038909692161782,0.017716433083393376,5,0.34728,0.3654,0.3268,0.30844371181952246
2022-09-04,0.06237372500796558,0.010133165264755606,5,0.33448,0.3665,0.3151,0.09102044440068585
2022-09-11,0.056836249933354184,0.012052575275693596,4,0.40315,0.4262,0.3679,0.15559441170988822
2022-09-18,0.05197863072621171,0.01111566805029478,5,0.4572,0.4802,0.4324,0.3376021355294092
2022-09-25,0.04176287055216939,0.009496747913299549,5,0.50576,0.6079,0.4567,0.16308866221255422
2022-10-02,0.051561383001934157,0.02147917442201146,5,0.6692,0.6984,0.6283,0.2506288861999229
2022-10-09,0.06262137255239528,0.011137586468108342,5,0.71906,0.7288,0.6937,0.39487540003144594
2022-10-16,0.04021622749442564,0.006529427560601683,5,0.7066600000000001,0.7115,0.7026,0.28385403610758303
2022-10-23,0.04888505274294377,0.014273036954132078,5,0.70014,0.7352,0.672,0.25885428785084114
2022-10-30,0.07749386209538182,0.010959967990737035,5,0.64954,0.6689,0.6212,0.21585715852141596
2022-11-06,0.06442058528838288,0.009090449951756854,5,0.57078,0.5965,0.5454,0.2258790379831653
2022-11-13,0.0029614246805235293,0.03115550176720948,5,0.55674,0.5744,0.5318,0.42395754374274625
2022-11-20,-0.0017317880875051075,0.018821243714072938,5,0.47614,0.5153,0.4361,0.11929085885643283
2022-11-27,0.02498788912944857,0.006596920746051821,4,0.394025,0.4274,0.3518,0.11921453411014907
2022-12-04,0.018213336053303643,0.01534044533547064,5,0.32328,0.3516,0.3023,0.2749385683656463
2022-12-11,0.014079814067474838,0.009753153688402547,5,0.27033999999999997,0.2941,0.2353,0.16424821507113346
2022-12-18,0.019758612092662484,0.010001272275815966,5,0.24486,0.2939,0.2225,0.2577073749525749
2022-12-25,0.034995100362113854,0.016046341463456442,5,0.32054,0.3375,0.302,0.18339249110664693
2023-01-01,0.02315476468132094,0.012240932921200457,4,0.309825,0.3199,0.2984,0.20429109832764636
2023-01-08,0.04343540130227565,0.010619002039033045,4,0.24432500000000001,0.2503,0.2386,0.23705851884740098
2023-01-15,0.05907648996585002,0.013014683726349598,5,0.2366,0.2463,0.229,0.07732975170569112
2023-01-22,0.07697779719942792,0.02265972032541605,4,0.18275,0.1862,0.1749,0.23182713249648634
2023-01-29,0.05403521748755813,0.014211631045700297,5,0.1766,0.1858,0.1641,0.0967881328131972
2023-02-05,0.06054532906723785,0.016480761075770334,5,0.14292,0.1599,0.1164,0.2179634912588454
2023-02-12,0.06422560050937105,0.013740938362330589,5,0.14196,0.1504,0.1378,0.15603767876528296
2023-02-19,0.06612331639524821,0.019283845477091832,5,0.13484000000000002,0.1458,0.124,0.14735851189678822
2023-02-26,0.041372369380265644,0.004225465269448515,4,0.090125,0.1005,0.0857,0.17694835670328987
2023-03-05,0.04903140770989169,0.01492457355284107,5,0.09182,0.0989,0.0881,0.13211802379256346
2023-03-12,0.03920189745653903,0.01180582128535566,5,0.09731999999999999,0.1153,0.09,0.15296823089786307
2023-03-19,0.0360823554541214,0.018924110675302447,5,0.22376000000000001,0.284,0.1561,0.22908827329538572
2023-03-26,0.0396423607377904,0.021064392608362254,5,0.33466,0.3768,0.2933,0.18857337124217824
2023-04-02,0.05345599699829571,0.016461729978734695,5,0.35336,0.3719,0.3366,0.11695112344273367
2023-04-09,0.038589131868327325,0.016027232497922712,4,0.30357500000000004,0.3255,0.2833,0.07523781526786516
2023-04-16,0.058745661989996624,0.013315846747670512,5,0.2225,0.2481,0.1955,0.10802602795600004
2023-04-23,0.05265995802982306,0.023880494097356222,5,0.16644,0.1809,0.1564,0.05250018044312693
2023-04-30,0.06449573124814376,0.010768604713668828,5,0.14722,0.1497,0.1438,0.21293823737060896
2023-05-07,0.05479581530416953,0.015123125277847954,5,0.1607,0.1661,0.1538,0.18623439791758736
2023-05-14,0.05750121548528266,0.012089940211095726,5,0.16419999999999998,0.1725,0.1575,0.05301246984010005
2023-05-21,0.06385357453218829,0.007536780197071231,5,0.14082,0.1529,0.1287,0.12272599884619982
2023-05-28,0.06428731345906122,0.014220813002056541,5,0.11346,0.1272,0.1019,0.1622985966561314
2023-06-04,0.06864891063278392,0.012672657030657928,4,0.138825,0.1521,0.1324,0.14193237280391427
2023-06-11,0.07143347468819274,0.017694874660265942,5,0.15940000000000001,0.1671,0.1457,0.05925057002259086
2023-06-18,0.07067763733005462,0.013754235671357206,5,0.11146,0.1334,0.088,0.12087524579860387
2023-06-25,0.04555000593255983,0.023373814517679028,4,0.09192499999999999,0.0993,0.0846,0.07815795329721759
2023-07-02,0.0444375354310945,0.04053785652046714,5,0.08086,0.0924,0.0714,0.10749134346505174
2023-07-09,0.1538720378832017,0.09908440280236024,4,0.0819,0.0955,0.0702,0.060071227763956396
2023-07-16,0.24427853043067876,0.10645020867143132,5,0.10556000000000001,0.11,0.0993,0.05989101159963371
2023-07-23,0.05454016730750903,0.014722937227559808,5,0.10373999999999999,0.111,0.089,0.08240451631564763
2023-07-30,0.08238831915123693,0.004767878058300078,5,0.07332,0.0803,0.0686,0.09549336752836038
2023-08-06,0.06564731483925182,0.014917557562840342,5,0.09208000000000001,0.1018,0.0853,0.09281008168314103
2023-08-13,0.0499701735616977,0.019166650598998136,5,0.10447999999999999,0.1184,0.0925,0.0934547199499958
2023-08-20,0.052817794198920756,0.012183964343449417,5,0.11186,0.1186,0.1062,0.11069777767692396
2023-08-27,0.04698969838354472,0.009629524230415739,5,0.09074,0.105,0.082,0.15947333009274947
2023-09-03,0.047080582465476584,0.0061044367632034965,5,0.071,0.0817,0.0583,0.09445151867640798
2023-09-10,0.04746587819646904,0.025910692759720702,4,0.0646,0.067,0.0615,0.05498645731009991
2023-09-17,0.06238229444039918,0.017136068663280324,5,0.06246,0.0672,0.057,0.15640727413816627
2023-09-24,0.06426254703997511,0.008730090157833657,5,0.06004,0.0636,0.0552,0.11141885523244294
2023-10-01,0.048440923929520804,0.01755033609697592,5,0.08538,0.1048,0.0703,0.12963301515712394
2023-10-08,0.04149454679546198,0.012357934224120657,5,0.10236,0.1074,0.0959,0.15252027099781962
2023-10-15,0.027337509275554627,0.01562552187786294,5,0.13098,0.1503,0.1028,0.09477321296143784
2023-10-22,0.045389510143207835,0.01579263948561738,5,0.15256,0.1604,0.1491,0.15939689769988066
2023-10-29,0.05132675486374032,0.011359478444246576,5,0.1216,0.1398,0.1078,0.13895005568444257
2023-11-05,0.05674589734244467,0.015261154125122755,5,0.09092,0.1006,0.0846,0.07535957798544983
2023-11-12,0.04668258770293572,0.011585462195783986,5,0.10024,0.1042,0.0967,0.1324259475555219
2023-11-19,0.05892054033809489,0.01593459181697115,5,0.09692,0.1027,0.0901,0.1312141154261274
2023-11-26,0.05136115745956867,0.015689342289510994,4,0.103925,0.1052,0.1025,0.06735761434680977
2023-12-03,0.06744237624323281,0.023945894454326155,5,0.09758,0.1047,0.0797,0.05091116580597435
2023-12-10,0.06729272756301881,0.011974495372726043,5,0.08762,0.0941,0.0787,0.0866162329772225
2023-12-17,0.06124235401752034,0.024093471312631967,5,0.09090000000000001,0.097,0.0782,0.10909540496471484
2023-12-24,0.05930116245850482,0.01881309254455491,5,0.11668,0.1344,0.0942,0.1461918567418916
2023-12-31,0.07475978747496131,0.02007110172207443,4,0.130975,0.1323,0.1302,0.047185689364571674
2024-01-07,0.041971917805949256,0.020088888143483943,4,0.079575,0.0934,0.0714,0.06457055549167741
2024-01-14,0.06378259186554014,0.023794409604970302,5,0.06732,0.0734,0.0613,0.10254339887823785
2024-01-21,0.07339537769774299,0.014713570107732239,4,0.060125,0.0658,0.051,0.1421428186581065
2024-01-28,0.07215495305855318,0.01417310915148359,5,0.042499999999999996,0.0467,0.0376,0.03894861998900102
2024-02-04,0.058408223792592306,0.02999018706786137,5,0.04272,0.0482,0.0366,0.18987545476979717
2024-02-11,0.08326766483807671,0.02136506351287744,5,0.04152,0.0478,0.0374,0.07370424309374582
2024-02-18,0.09176036298366293,0.006700045668828558,5,0.039,0.0444,0.0342,0.14727817114603348
2024-02-25,0.09276694890727476,0.01633037066432406,4,0.042475,0.0464,0.0391,0.1793259554286875
2024-03-03,0.10025365320102889,0.014345594579502637,5,0.0433,0.0454,0.0413,0.07923615143321475
2024-03-10,0.10978747921439166,0.017119480054197507,5,0.036820000000000006,0.0398,0.0303,0.12808883657543954
2024-03-17,0.08351352859421719,0.007594891375271434,5,0.02098,0.0272,0.0165,0.11738465754103401
2024-03-24,0.08739824775262053,0.006312227860296157,5,0.010499999999999999,0.0162,0.0072,0.06526263446234537
2024-03-31,0.08681680187829335,0.027501692299730953,4,0.017475,0.0188,0.0167,0.08092955775353809
2024-04-07,0.08141149075789798,0.013841182976516946,5,0.01678,0.0188,0.0127,0.13467131469960675
2024-04-14,0.07360447237331763,0.015235821590571123,5,0.01194,0.0156,0.0087,0.1395814075160096
2024-04-21,0.05864605741108604,0.02105891533792131,5,0.02442,0.03,0.0185,0.07273765237297339
2024-04-28,0.062455353688822934,0.01760410277816107,5,0.03264,0.0378,0.0264,0.1095376935327618
2024-05-05,0.0705756644740714,0.0089571719865227,5,0.022560000000000004,0.0251,0.021,0.1791474719232473
2024-05-12,0.07501548362365537,0.020213660274437443,5,0.0347,0.0381,0.0267,0.06779245993580221
2024-05-19,0.095655841503457,0.018907803911004304,5,0.02832,0.0318,0.0228,0.08873271881372168
2024-05-26,0.08303197821753586,0.02105423918020113,5,0.017419999999999998,0.0202,0.0144,0.08432702576872357
2024-06-02,0.10594084647992488,0.01516483921997462,4,0.01145,0.0163,0.0091,0.12038888554232596
2024-06-09,0.12129264352944287,0.018949203451250788,5,0.00868,0.0114,0.0066,0.0838785433511254
2024-06-16,0.09324683956283215,0.023472129144944554,5,0.02054,0.0454,0.0088,0.04597642886662521
2024-06-23,0.1111372026740223,0.019050253194207164,4,0.06712499999999999,0.0802,0.0527,0.08931534290275413
2024-06-30,0.09830539172774444,0.0296518191389888,5,0.08434,0.0861,0.0831,0.05318566638915512
2024-07-07,0.08434479486140453,0.015800874729490964,4,0.075875,0.0866,0.0655,0.03198131744653088
2024-07-14,0.10123568834287369,0.004740765475680514,5,0.05042,0.0583,0.0427,0.11093178781269691
2024-07-21,0.08034923908133453,0.02724366333602453,5,0.03664,0.0419,0.0313,0.1297148282489833
2024-07-28,0.06713049327277229,0.0262716344282434,5,0.04628,0.0588,0.0346,0.2203397356839822
2024-08-04,0.07287643041977557,0.017954792146852704,5,0.08762,0.1383,0.0622,0.21750821890690966
2024-08-11,0.060220171391669755,0.029204338106160178,5,0.20470000000000002,0.2186,0.1854,0.31192879276395996
2024-08-18,0.06807118884865314,0.033117037172912395,5,0.17038,0.1928,0.1487,0.12858725442891242
2024-08-25,0.09684466420146876,0.017636989153928362,5,0.12132000000000001,0.138,0.1025,0.12283963439782114
2024-09-01,0.08220121223369198,0.017513246839662697,5,0.0685,0.0915,0.048,0.09057955335523767
2024-09-08,0.05695227672348663,0.017604804003998175,4,0.069375,0.0845,0.06,0.15453849083467378
2024-09-15,0.07418592468655517,0.014369034466197562,5,0.071,0.0737,0.0698,0.04754286362796028
2024-09-22,0.07253302879538345,0.021210496624518647,5,0.06617999999999999,0.0682,0.0639,0.13657017244373856
2024-09-29,0.09213061247596532,0.012761750996114256,5,0.06572,0.0715,0.0581,0.04393888481003589
2024-10-06,0.06475648232765766,0.012990708967167244,5,0.06776,0.0782,0.0585,0.10676788875022772
2024-10-13,0.06494904065309695,0.01525512508357647,5,0.055200000000000006,0.0615,0.0491,0.12068964312938998
2024-10-20,0.091418754430915,0.014487795525883407,5,0.03794,0.0449,0.0305,0.0958806418974743
2024-10-27,0.09415281632834555,0.015074284881017967,5,0.02532,0.0312,0.021,0.06820102094898839
2024-11-03,0.09869137500830845,0.027023389128853402,5,0.0199,0.0231,0.0178,0.1572101859016766
2024-11-10,0.10449981032540545,0.017664484450150095,5,0.0246,0.0341,0.0179,0.15852271905833987
2024-11-17,0.11119905865618548,0.02266770206858342,5,0.06337999999999999,0.0783,0.0413,0.09060103547163172
2024-11-24,0.08881992261844365,0.018844085055496375,5,0.05616,0.067,0.0503,0.029457543892775256
2024-12-01,0.08781416150913328,0.04887739079666586,4,0.06605,0.0693,0.0582,0.06584905236872192
2024-12-08,0.09815477981627882,0.018436821739951457,5,0.0517,0.0628,0.0449,0.04554941205829253
2024-12-15,0.08575525059744146,0.01670254531601074,5,0.027860000000000003,0.0372,0.0229,0.08523783362276911
2024-12-22,0.07782713229445253,0.023417989557387622,5,0.02778,0.0345,0.0215,0.24190574036229892
2024-12-29,0.07935072084619378,0.00497696196135895,4,0.03215,0.0369,0.0253,0.14756468165749506
2025-01-05,0.07688869846759798,0.02720634073892804,4,0.022574999999999998,0.0276,0.0179,0.15843235332770594
2025-01-12,0.06670384031572332,0.0341660973697741,4,0.01375,0.0164,0.0112,0.1601997728316324
2025-01-19,0.07420871217858105,0.008015222385190241,5,0.014960000000000001,0.019,0.009,0.1290548400405518
2025-01-26,0.07453586154101179,0.011172004987227917,4,0.015925,0.0167,0.0151,0.08112349693487579
2025-02-02,0.055877668461147514,0.00981620031000251,5,0.016419999999999997,0.0182,0.0147,0.14479759944277987
2025-02-09,0.06825111699218434,0.02265825464534695,5,0.01334,0.015,0.012,0.11299287146645096
2025-02-16,0.07094366102339275,0.010239116573051422,5,0.014979999999999999,0.0178,0.0126,0.08822724726660162
2025-02-23,0.0760521591151372,0.008878916510333592,4,0.0078000000000000005,0.0114,0.0055,0.14892650804426213
2025-03-02,0.05012957413820558,0.018555927921813122,5,0.00502,0.0066,0.0036,0.18203710550884358
2025-03-09,0.041925478611913494,0.0237914938701942,5,0.026600000000000002,0.0369,0.0034,0.2138142546484606
2025-03-16,0.03798931704216863,0.017533185907946152,5,0.02988,0.0341,0.0257,0.2882201243909458
2025-03-23,0.04418263821898333,0.010262215221427898,5,0.01826,0.0263,0.0109,0.13954956615589004
2025-03-30,0.06120200586341923,0.05016978809238893,5,0.0097,0.0112,0.0076,0.23029507084279188
2025-04-06,-0.09600000000000002,0.05529717694220727,5,0.0354,0.1159,0.0058,0.5312084068318155
2025-04-13,0.14394871794871794,0.18499067979436798,5,0.18875999999999998,0.2106,0.1718,0.8671883025148277
2025-04-20,-0.008421052631578947,0.11729169075523471,4,0.1868,0.1975,0.18,0.21649493080352622
2025-04-27,-0.045454545454545456,0.21663000325526585,5,0.14676,0.1636,0.1295,0.3132187652048381
2025-05-04,0.07916638655462187,0.16494989710357694,5,0.10268,0.1219,0.0816,0.093986121960937
2025-05-11,-0.07614565826330533,0.20305788101039535,5,0.0526,0.0637,0.0425,0.10266790199383478
2025-05-18,0.060888888888888895,0.1578215901611299,5,0.028700000000000003,0.0442,0.0196,0.19985460140107336
2025-05-25,0.046085470085470086,0.16917073959054188,5,0.0218,0.0268,0.0182,0.11667308502190958
2025-06-01,-0.04747412008281575,0.1590321375084795,4,0.018349999999999998,0.0211,0.0163,0.18249162500689323
2025-06-08,-0.11285714285714288,0.1672405087145517,5,0.0144,0.0174,0.0114,0.09323130491142843
2025-06-15,0.06107880423669898,0.23299140350863318,5,0.02256,0.0321,0.0138,0.10664107040839753
2025-06-22,0.041125541125541135,0.12278814618342689,4,0.030425,0.0357,0.0261,0.1250793458266434
2025-06-29,0.01178481649069885,0.07492126639720106,5,0.02446,0.0319,0.0217,0.06641881166406408
2025-07-06,0.10641711229946525,0.11861054184415404,4,0.02945,0.034,0.0253,0.05361320625406325
2025-07-13,-0.056634920634920635,0.1592919581822855,5,0.028100000000000003,0.0334,0.0227,0.08355276320158982
2025-07-20,0.07262789841737209,0.2361771634773672,5,0.03076,0.0324,0.0295,0.06292931709629197
2025-07-27,-0.02374660633484163,0.22475143275917706,5,0.03322,0.045,0.0191,0.05494636037372128
2025-08-03,-0.01907692307692308,0.16504473125068087,5,0.033240000000000006,0.0595,0.0229,0.10542965246651154
2025-08-10,-0.043679653679653686,0.10179426089118797,5,0.03572,0.0498,0.0233,0.1260002857181825
2025-08-17,-0.0810714285714286,0.1071801522391791,4,0.0146,0.0195,0.0107,0.08743963414167309
2026-02-01,0.023104961519974748,0.061935917446473955,4,0.04865,0.051,0.0436,0.05291453042647243
