,regime,regime_id
2005-01-19,elevated,2
2007-06-04,normal,1
2007-06-06,normal,1
2007-06-21,normal,1
2007-06-26,normal,1
2007-06-28,normal,1
2007-07-05,normal,1
2007-07-06,normal,1
2007-07-10,normal,1
2007-07-12,normal,1
2007-07-18,elevated,2
2007-07-25,elevated,2
2007-07-26,low_volatility,0
2007-07-27,normal,1
2007-07-31,normal,1
2007-08-01,normal,1
2007-08-07,low_volatility,0
2007-08-10,elevated,2
2007-08-13,elevated,2
2007-08-14,normal,1
2007-08-15,normal,1
2007-08-16,low_volatility,0
2007-08-17,normal,1
2007-08-20,low_volatility,0
2007-08-28,elevated,2
2007-08-29,low_volatility,0
2007-08-30,normal,1
2007-08-31,elevated,2
2007-09-04,low_volatility,0
2007-09-07,elevated,2
2007-09-10,elevated,2
2007-09-11,elevated,2
2007-09-12,normal,1
2007-09-17,elevated,2
2007-09-18,normal,1
2007-09-19,low_volatility,0
2007-09-21,elevated,2
2007-09-24,normal,1
2007-09-25,low_volatility,0
2007-09-27,normal,1
2007-10-05,low_volatility,0
2007-10-08,elevated,2
2007-10-10,normal,1
2007-10-11,normal,1
2007-10-12,normal,1
2007-10-15,elevated,2
2007-10-16,normal,1
2007-10-17,elevated,2
2007-10-18,normal,1
2007-10-19,elevated,2
2007-10-22,normal,1
2007-10-23,low_volatility,0
2007-10-24,low_volatility,0
2007-10-25,normal,1
2007-10-26,low_volatility,0
2007-10-29,normal,1
2007-10-30,elevated,2
2007-10-31,normal,1
2007-11-01,elevated,2
2007-11-02,low_volatility,0
2007-11-05,elevated,2
2007-11-06,low_volatility,0
2007-11-07,elevated,2
2007-11-08,low_volatility,0
2007-11-09,elevated,2
2007-11-12,elevated,2
2007-11-13,low_volatility,0
2007-11-14,normal,1
2007-11-15,normal,1
2007-11-16,low_volatility,0
2007-11-19,normal,1
2007-11-20,elevated,2
2007-11-21,normal,1
2007-11-23,normal,1
2007-11-26,elevated,2
2007-11-27,normal,1
2007-11-28,low_volatility,0
2007-11-30,normal,1
2007-12-03,normal,1
2007-12-04,low_volatility,0
2007-12-05,normal,1
2007-12-07,low_volatility,0
2007-12-10,normal,1
2007-12-11,normal,1
2007-12-12,normal,1
2007-12-13,elevated,2
2007-12-14,elevated,2
2007-12-17,normal,1
2007-12-19,low_volatility,0
2007-12-21,normal,1
2007-12-26,low_volatility,0
2007-12-27,elevated,2
2007-12-28,elevated,2
2007-12-31,elevated,2
2008-01-02,elevated,2
2008-01-03,low_volatility,0
2008-01-04,elevated,2
2008-01-07,low_volatility,0
2008-01-08,normal,1
2008-01-09,low_volatility,0
2008-01-10,normal,1
2008-01-11,low_volatility,0
2008-01-14,elevated,2
2008-01-15,elevated,2
2008-01-16,elevated,2
2008-01-17,elevated,2
2008-01-18,elevated,2
2008-01-22,elevated,2
2008-01-23,low_volatility,0
2008-01-24,normal,1
2008-01-25,low_volatility,0
2008-01-28,elevated,2
2008-01-29,elevated,2
2008-01-30,low_volatility,0
2008-01-31,elevated,2
2008-02-01,elevated,2
2008-02-04,elevated,2
2008-02-05,elevated,2
2008-02-06,low_volatility,0
2008-02-08,elevated,2
2008-02-11,elevated,2
2008-02-12,normal,1
2008-02-13,normal,1
2008-02-15,elevated,2
2008-02-19,normal,1
2008-02-20,normal,1
2008-02-21,normal,1
2008-02-22,elevated,2
2008-02-25,low_volatility,0
2008-02-26,elevated,2
2008-02-27,normal,1
2008-02-28,low_volatility,0
2008-02-29,elevated,2
2008-03-05,low_volatility,0
2008-03-07,elevated,2
2008-03-10,elevated,2
2008-03-11,low_volatility,0
2008-03-12,normal,1
2008-03-13,normal,1
2008-03-14,normal,1
2008-03-17,normal,1
2008-03-18,elevated,2
2008-03-19,normal,1
2008-03-20,elevated,2
2008-03-24,normal,1
2008-03-25,elevated,2
2008-03-26,elevated,2
2008-03-27,elevated,2
2008-03-31,elevated,2
2008-04-01,elevated,2
2008-04-02,elevated,2
2008-04-03,elevated,2
2008-04-04,elevated,2
2008-04-07,low_volatility,0
2008-04-10,elevated,2
2008-04-11,elevated,2
2008-04-14,elevated,2
2008-04-15,low_volatility,0
2008-04-16,low_volatility,0
2008-04-18,low_volatility,0
2008-04-21,low_volatility,0
2008-04-22,low_volatility,0
2008-04-23,elevated,2
2008-04-24,elevated,2
2008-04-25,low_volatility,0
2008-04-28,elevated,2
2008-04-29,low_volatility,0
2008-04-30,low_volatility,0
2008-05-02,low_volatility,0
2008-05-05,elevated,2
2008-05-06,low_volatility,0
2008-05-07,elevated,2
2008-05-08,elevated,2
2008-05-09,elevated,2
2008-05-12,low_volatility,0
2008-05-13,normal,1
2008-05-14,normal,1
2008-05-16,elevated,2
2008-05-19,low_volatility,0
2008-05-20,normal,1
2008-05-21,low_volatility,0
2008-05-22,normal,1
2008-05-23,elevated,2
2008-05-27,low_volatility,0
2008-05-28,normal,1
2008-05-29,elevated,2
2008-05-30,normal,1
2008-06-02,elevated,2
2008-06-03,normal,1
2008-06-04,normal,1
2008-06-05,low_volatility,0
2008-06-06,normal,1
2008-06-09,low_volatility,0
2008-06-10,elevated,2
2008-06-11,normal,1
2008-06-12,elevated,2
2008-06-13,elevated,2
2008-06-16,elevated,2
2008-06-17,elevated,2
2008-06-18,elevated,2
2008-06-20,elevated,2
2008-06-23,normal,1
2008-06-24,low_volatility,0
2008-06-25,low_volatility,0
2008-06-26,low_volatility,0
2008-06-27,low_volatility,0
2008-06-30,elevated,2
2008-07-01,elevated,2
2008-07-02,elevated,2
2008-07-03,elevated,2
2008-07-07,low_volatility,0
2008-07-08,low_volatility,0
2008-07-09,elevated,2
2008-07-10,normal,1
2008-07-11,elevated,2
2008-07-14,elevated,2
2008-07-15,elevated,2
2008-07-16,low_volatility,0
2008-07-17,normal,1
2008-07-18,normal,1
2008-07-21,elevated,2
2008-07-22,low_volatility,0
2008-07-23,elevated,2
2008-07-24,elevated,2
2008-07-28,elevated,2
2008-07-29,low_volatility,0
2008-07-30,elevated,2
2008-07-31,elevated,2
2008-08-01,low_volatility,0
2008-08-04,low_volatility,0
2008-08-05,elevated,2
2008-08-06,elevated,2
2008-08-07,normal,1
2008-08-08,high_volatility,3
2008-08-11,elevated,2
2008-08-12,elevated,2
2008-08-13,elevated,2
2008-08-14,low_volatility,0
2008-08-15,normal,1
2008-08-18,elevated,2
2008-08-19,elevated,2
2008-08-20,low_volatility,0
2008-08-21,elevated,2
2008-08-22,normal,1
2008-08-25,high_volatility,3
2008-08-26,low_volatility,0
2008-08-27,elevated,2
2008-08-28,normal,1
2008-08-29,elevated,2
2008-09-02,elevated,2
2008-09-03,elevated,2
2008-09-04,elevated,2
2008-09-05,elevated,2
2008-09-08,high_volatility,3
2008-09-09,low_volatility,0
2008-09-10,high_volatility,3
2008-09-11,high_volatility,3
2008-09-12,high_volatility,3
2008-09-15,high_volatility,3
2008-09-16,high_volatility,3
2008-09-17,high_volatility,3
2008-09-18,high_volatility,3
2008-09-19,high_volatility,3
2008-09-22,high_volatility,3
2008-09-23,high_volatility,3
2008-09-24,high_volatility,3
2008-09-25,high_volatility,3
2008-09-26,high_volatility,3
2008-09-29,high_volatility,3
2008-09-30,high_volatility,3
2008-10-01,high_volatility,3
2008-10-02,high_volatility,3
2008-10-03,high_volatility,3
2008-10-06,high_volatility,3
2008-10-07,high_volatility,3
2008-10-08,high_volatility,3
2008-10-09,high_volatility,3
2008-10-10,high_volatility,3
2008-10-13,high_volatility,3
2008-10-14,high_volatility,3
2008-10-15,high_volatility,3
2008-10-16,high_volatility,3
2008-10-17,high_volatility,3
2008-10-20,high_volatility,3
2008-10-21,high_volatility,3
2008-10-22,high_volatility,3
2008-10-23,high_volatility,3
2008-10-24,high_volatility,3
2008-10-27,high_volatility,3
2008-10-28,high_volatility,3
2008-10-29,high_volatility,3
2008-10-30,high_volatility,3
2008-10-31,high_volatility,3
2008-11-03,high_volatility,3
2008-11-04,high_volatility,3
2008-11-05,high_volatility,3
2008-11-06,high_volatility,3
2008-11-07,high_volatility,3
2008-11-10,high_volatility,3
2008-11-11,high_volatility,3
2008-11-12,high_volatility,3
2008-11-13,high_volatility,3
2008-11-14,high_volatility,3
2008-11-17,high_volatility,3
2008-11-18,high_volatility,3
2008-11-19,high_volatility,3
2008-11-20,high_volatility,3
2008-11-21,high_volatility,3
2008-11-24,high_volatility,3
2008-11-25,high_volatility,3
2008-11-26,high_volatility,3
2008-11-28,high_volatility,3
2008-12-01,high_volatility,3
2008-12-02,high_volatility,3
2008-12-03,high_volatility,3
2008-12-04,high_volatility,3
2008-12-05,high_volatility,3
2008-12-08,high_volatility,3
2008-12-09,high_volatility,3
2008-12-10,high_volatility,3
2008-12-11,high_volatility,3
2008-12-12,high_volatility,3
2008-12-15,high_volatility,3
2008-12-16,high_volatility,3
2008-12-17,high_volatility,3
2008-12-18,high_volatility,3
2008-12-19,high_volatility,3
2008-12-22,high_volatility,3
2008-12-23,high_volatility,3
2008-12-24,high_volatility,3
2008-12-26,high_volatility,3
2008-12-29,high_volatility,3
2008-12-30,high_volatility,3
2008-12-31,high_volatility,3
2009-01-02,high_volatility,3
2009-01-05,high_volatility,3
2009-01-06,high_volatility,3
2009-01-07,high_volatility,3
2009-01-08,high_volatility,3
2009-01-09,high_volatility,3
2009-01-12,high_volatility,3
2009-01-13,high_volatility,3
2009-01-14,high_volatility,3
2009-01-15,high_volatility,3
2009-01-16,high_volatility,3
2009-01-20,high_volatility,3
2009-01-21,high_volatility,3
2009-01-22,high_volatility,3
2009-01-23,high_volatility,3
2009-01-26,high_volatility,3
2009-01-27,high_volatility,3
2009-01-28,high_volatility,3
2009-01-29,high_volatility,3
2009-01-30,high_volatility,3
2009-02-02,high_volatility,3
2009-02-03,high_volatility,3
2009-02-04,high_volatility,3
2009-02-05,high_volatility,3
2009-02-06,high_volatility,3
2009-02-09,high_volatility,3
2009-02-10,high_volatility,3
2009-02-11,high_volatility,3
2009-02-12,high_volatility,3
2009-02-13,high_volatility,3
2009-02-17,high_volatility,3
2009-02-18,high_volatility,3
2009-02-19,high_volatility,3
2009-02-20,high_volatility,3
2009-02-23,high_volatility,3
2009-02-24,high_volatility,3
2009-02-25,high_volatility,3
2009-02-26,high_volatility,3
2009-02-27,high_volatility,3
2009-03-02,high_volatility,3
2009-03-03,high_volatility,3
2009-03-04,high_volatility,3
2009-03-05,high_volatility,3
2009-03-06,high_volatility,3
2009-03-09,high_volatility,3
2009-03-10,high_volatility,3
2009-03-11,high_volatility,3
2009-03-12,high_volatility,3
2009-03-13,high_volatility,3
2009-03-16,high_volatility,3
2009-03-17,high_volatility,3
2009-03-18,high_volatility,3
2009-03-19,high_volatility,3
2009-03-20,high_volatility,3
2009-03-23,high_volatility,3
2009-03-24,high_volatility,3
2009-03-25,high_volatility,3
2009-03-26,high_volatility,3
2009-03-27,high_volatility,3
2009-03-30,high_volatility,3
2009-03-31,high_volatility,3
2009-04-01,high_volatility,3
2009-04-02,high_volatility,3
2009-04-03,high_volatility,3
2009-04-06,high_volatility,3
2009-04-07,high_volatility,3
2009-04-08,high_volatility,3
2009-04-09,high_volatility,3
2009-04-13,high_volatility,3
2009-04-14,high_volatility,3
2009-04-15,high_volatility,3
2009-04-16,high_volatility,3
2009-04-17,high_volatility,3
2009-04-20,high_volatility,3
2009-04-21,high_volatility,3
2009-04-22,high_volatility,3
2009-04-23,high_volatility,3
2009-04-24,high_volatility,3
2009-04-27,high_volatility,3
2009-04-28,high_volatility,3
2009-04-29,high_volatility,3
2009-04-30,high_volatility,3
2009-05-01,high_volatility,3
2009-05-04,high_volatility,3
2009-05-05,high_volatility,3
2009-05-06,high_volatility,3
2009-05-07,low_volatility,0
2009-05-08,high_volatility,3
2009-05-11,high_volatility,3
2009-05-12,high_volatility,3
2009-05-13,high_volatility,3
2009-05-14,high_volatility,3
2009-05-15,high_volatility,3
2009-05-18,high_volatility,3
2009-05-19,high_volatility,3
2009-05-20,high_volatility,3
2009-05-21,high_volatility,3
2009-05-22,high_volatility,3
2009-05-26,high_volatility,3
2009-05-27,high_volatility,3
2009-05-28,high_volatility,3
2009-05-29,high_volatility,3
2009-06-01,high_volatility,3
2009-06-02,high_volatility,3
2009-06-03,high_volatility,3
2009-06-04,elevated,2
2009-06-05,elevated,2
2009-06-08,high_volatility,3
2009-06-09,high_volatility,3
2009-06-10,high_volatility,3
2009-06-11,normal,1
2009-06-12,elevated,2
2009-06-15,high_volatility,3
2009-06-16,elevated,2
2009-06-17,elevated,2
2009-06-18,high_volatility,3
2009-06-19,elevated,2
2009-06-22,high_volatility,3
2009-06-23,high_volatility,3
2009-06-24,high_volatility,3
2009-06-25,normal,1
2009-06-26,high_volatility,3
2009-06-29,high_volatility,3
2009-06-30,high_volatility,3
2009-07-01,normal,1
2009-07-02,high_volatility,3
2009-07-06,high_volatility,3
2009-07-07,high_volatility,3
2009-07-08,high_volatility,3
2009-07-09,low_volatility,0
2009-07-10,high_volatility,3
2009-07-13,low_volatility,0
2009-07-14,high_volatility,3
2009-07-15,high_volatility,3
2009-07-16,high_volatility,3
2009-07-17,high_volatility,3
2009-07-20,high_volatility,3
2009-07-21,high_volatility,3
2009-07-22,high_volatility,3
2009-07-23,high_volatility,3
2009-07-24,normal,1
2009-07-27,low_volatility,0
2009-07-28,high_volatility,3
2009-07-29,high_volatility,3
2009-07-30,elevated,2
2009-07-31,elevated,2
2009-08-03,elevated,2
2009-08-04,elevated,2
2009-08-05,elevated,2
2009-08-06,normal,1
2009-08-07,normal,1
2009-08-10,low_volatility,0
2009-08-11,normal,1
2009-08-12,low_volatility,0
2009-08-13,elevated,2
2009-08-14,low_volatility,0
2009-08-17,elevated,2
2009-08-18,elevated,2
2009-08-19,low_volatility,0
2009-08-20,normal,1
2009-08-21,high_volatility,3
2009-08-24,elevated,2
2009-08-25,low_volatility,0
2009-08-26,normal,1
2009-08-27,normal,1
2009-08-28,low_volatility,0
2009-08-31,normal,1
2009-09-01,normal,1
2009-09-02,elevated,2
2009-09-03,elevated,2
2009-09-04,elevated,2
2009-09-08,normal,1
2009-09-09,normal,1
2009-09-10,normal,1
2009-09-11,normal,1
2009-09-14,elevated,2
2009-09-15,normal,1
2009-09-16,normal,1
2009-09-17,normal,1
2009-09-18,elevated,2
2009-09-21,normal,1
2009-09-22,low_volatility,0
2009-09-23,low_volatility,0
2009-09-24,normal,1
2009-09-25,elevated,2
2009-09-28,elevated,2
2009-09-29,elevated,2
2009-09-30,elevated,2
2009-10-01,normal,1
2009-10-02,elevated,2
2009-10-05,low_volatility,0
2009-10-06,low_volatility,0
2009-10-07,low_volatility,0
2009-10-08,elevated,2
2009-10-09,low_volatility,0
2009-10-12,elevated,2
2009-10-13,normal,1
2009-10-14,normal,1
2009-10-15,normal,1
2009-10-16,normal,1
2009-10-19,low_volatility,0
2009-10-20,normal,1
2009-10-21,normal,1
2009-10-22,normal,1
2009-10-23,normal,1
2009-10-26,normal,1
2009-10-27,normal,1
2009-10-28,elevated,2
2009-10-29,low_volatility,0
2009-10-30,normal,1
2009-11-02,elevated,2
2009-11-03,normal,1
2009-11-04,normal,1
2009-11-05,low_volatility,0
2009-11-06,normal,1
2009-11-09,normal,1
2009-11-10,normal,1
2009-11-11,normal,1
2009-11-12,elevated,2
2009-11-13,normal,1
2009-11-16,normal,1
2009-11-17,normal,1
2009-11-18,normal,1
2009-11-19,low_volatility,0
2009-11-20,normal,1
2009-11-23,normal,1
2009-11-24,low_volatility,0
2009-11-25,low_volatility,0
2009-11-27,elevated,2
2009-11-30,normal,1
2009-12-01,normal,1
2009-12-02,elevated,2
2009-12-03,elevated,2
2009-12-04,normal,1
2009-12-07,elevated,2
2009-12-08,normal,1
2009-12-09,low_volatility,0
2009-12-10,elevated,2
2009-12-11,normal,1
2009-12-14,low_volatility,0
2009-12-15,elevated,2
2009-12-16,low_volatility,0
2009-12-17,low_volatility,0
2009-12-18,normal,1
2009-12-21,low_volatility,0
2009-12-22,low_volatility,0
2009-12-23,normal,1
2009-12-24,normal,1
2009-12-28,normal,1
2009-12-29,normal,1
2009-12-30,elevated,2
2009-12-31,normal,1
2010-01-04,normal,1
2010-01-05,normal,1
2010-01-06,elevated,2
2010-01-07,low_volatility,0
2010-01-08,elevated,2
2010-01-11,elevated,2
2010-01-12,elevated,2
2010-01-13,low_volatility,0
2010-01-14,normal,1
2010-01-15,low_volatility,0
2010-01-19,normal,1
2010-01-20,low_volatility,0
2010-01-21,normal,1
2010-01-22,normal,1
2010-01-25,normal,1
2010-01-26,normal,1
2010-01-27,normal,1
2010-01-28,normal,1
2010-01-29,normal,1
2010-02-01,normal,1
2010-02-02,normal,1
2010-02-03,elevated,2
2010-02-04,normal,1
2010-02-05,low_volatility,0
2010-02-08,normal,1
2010-02-09,normal,1
2010-02-10,low_volatility,0
2010-02-11,normal,1
2010-02-12,normal,1
2010-02-16,normal,1
2010-02-17,normal,1
2010-02-18,normal,1
2010-02-19,normal,1
2010-02-22,normal,1
2010-02-23,elevated,2
2010-02-24,normal,1
2010-02-25,normal,1
2010-02-26,normal,1
2010-03-01,normal,1
2010-03-02,low_volatility,0
2010-03-03,elevated,2
2010-03-04,normal,1
2010-03-05,low_volatility,0
2010-03-08,normal,1
2010-03-09,elevated,2
2010-03-10,elevated,2
2010-03-11,elevated,2
2010-03-12,elevated,2
2010-03-15,normal,1
2010-03-16,low_volatility,0
2010-03-17,normal,1
2010-03-18,normal,1
2010-03-19,low_volatility,0
2010-03-22,normal,1
2010-03-23,normal,1
2010-03-24,low_volatility,0
2010-03-25,normal,1
2010-03-26,normal,1
2010-03-29,normal,1
2010-03-30,normal,1
2010-03-31,elevated,2
2010-04-01,normal,1
2010-04-05,normal,1
2010-04-06,normal,1
2010-04-07,normal,1
2010-04-08,low_volatility,0
2010-04-09,normal,1
2010-04-12,elevated,2
2010-04-13,normal,1
2010-04-14,normal,1
2010-04-15,normal,1
2010-04-16,elevated,2
2010-04-19,normal,1
2010-04-20,normal,1
2010-04-21,normal,1
2010-04-22,normal,1
2010-04-23,low_volatility,0
2010-04-26,normal,1
2010-04-27,normal,1
2010-04-28,normal,1
2010-04-29,normal,1
2010-04-30,low_volatility,0
2010-05-03,normal,1
2010-05-04,normal,1
2010-05-05,elevated,2
2010-05-06,normal,1
2010-05-07,normal,1
2010-05-10,normal,1
2010-05-11,normal,1
2010-05-12,low_volatility,0
2010-05-13,normal,1
2010-05-14,normal,1
2010-05-17,elevated,2
2010-05-18,low_volatility,0
2010-05-19,elevated,2
2010-05-20,normal,1
2010-05-21,normal,1
2010-05-24,low_volatility,0
2010-05-25,low_volatility,0
2010-05-26,low_volatility,0
2010-05-27,normal,1
2010-05-28,normal,1
2010-06-01,normal,1
2010-06-02,normal,1
2010-06-03,elevated,2
2010-06-04,normal,1
2010-06-07,normal,1
2010-06-08,low_volatility,0
2010-06-09,normal,1
2010-06-10,normal,1
2010-06-11,low_volatility,0
2010-06-14,normal,1
2010-06-15,normal,1
2010-06-16,normal,1
2010-06-17,elevated,2
2010-06-18,elevated,2
2010-06-21,normal,1
2010-06-22,normal,1
2010-06-23,normal,1
2010-06-24,low_volatility,0
2010-06-25,normal,1
2010-06-28,normal,1
2010-06-29,normal,1
2010-06-30,normal,1
2010-07-01,normal,1
2010-07-02,elevated,2
2010-07-06,elevated,2
2010-07-07,normal,1
2010-07-08,normal,1
2010-07-09,normal,1
2010-07-12,low_volatility,0
2010-07-13,low_volatility,0
2010-07-14,normal,1
2010-07-15,normal,1
2010-07-16,normal,1
2010-07-19,normal,1
2010-07-20,elevated,2
2010-07-21,normal,1
2010-07-22,normal,1
2010-07-23,normal,1
2010-07-26,normal,1
2010-07-27,normal,1
2010-07-28,normal,1
2010-07-29,normal,1
2010-07-30,elevated,2
2010-08-02,low_volatility,0
2010-08-03,normal,1
2010-08-04,low_volatility,0
2010-08-05,normal,1
2010-08-06,elevated,2
2010-08-09,low_volatility,0
2010-08-10,normal,1
2010-08-11,elevated,2
2010-08-12,normal,1
2010-08-13,normal,1
2010-08-16,elevated,2
2010-08-17,low_volatility,0
2010-08-18,normal,1
2010-08-19,normal,1
2010-08-20,normal,1
2010-08-23,normal,1
2010-08-24,normal,1
2010-08-25,normal,1
2010-08-26,normal,1
2010-08-27,normal,1
2010-08-30,normal,1
2010-08-31,normal,1
2010-09-01,elevated,2
2010-09-02,normal,1
2010-09-03,elevated,2
2010-09-07,elevated,2
2010-09-08,normal,1
2010-09-09,low_volatility,0
2010-09-10,normal,1
2010-09-13,low_volatility,0
2010-09-14,low_volatility,0
2010-09-15,normal,1
2010-09-16,normal,1
2010-09-17,normal,1
2010-09-20,elevated,2
2010-09-21,normal,1
2010-09-22,normal,1
2010-09-23,normal,1
2010-09-24,normal,1
2010-09-27,low_volatility,0
2010-09-28,elevated,2
2010-09-29,elevated,2
2010-09-30,normal,1
2010-10-01,elevated,2
2010-10-04,elevated,2
2010-10-05,low_volatility,0
2010-10-06,normal,1
2010-10-07,normal,1
2010-10-08,low_volatility,0
2010-10-11,normal,1
2010-10-12,normal,1
2010-10-13,normal,1
2010-10-14,elevated,2
2010-10-15,normal,1
2010-10-18,normal,1
2010-10-19,normal,1
2010-10-20,elevated,2
2010-10-21,normal,1
2010-10-22,normal,1
2010-10-25,normal,1
2010-10-26,low_volatility,0
2010-10-27,low_volatility,0
2010-10-28,normal,1
2010-10-29,normal,1
2010-11-01,normal,1
2010-11-02,normal,1
2010-11-03,normal,1
2010-11-04,normal,1
2010-11-05,elevated,2
2010-11-08,elevated,2
2010-11-09,normal,1
2010-11-10,normal,1
2010-11-11,elevated,2
2010-11-12,low_volatility,0
2010-11-15,low_volatility,0
2010-11-16,normal,1
2010-11-17,elevated,2
2010-11-18,low_volatility,0
2010-11-19,normal,1
2010-11-22,elevated,2
2010-11-23,elevated,2
2010-11-24,elevated,2
2010-11-26,elevated,2
2010-11-29,normal,1
2010-11-30,normal,1
2010-12-01,normal,1
2010-12-02,low_volatility,0
2010-12-03,low_volatility,0
2010-12-06,normal,1
2010-12-07,normal,1
2010-12-08,normal,1
2010-12-09,low_volatility,0
2010-12-10,elevated,2
2010-12-13,normal,1
2010-12-14,low_volatility,0
2010-12-15,normal,1
2010-12-16,elevated,2
2010-12-17,normal,1
2010-12-20,low_volatility,0
2010-12-21,normal,1
2010-12-22,low_volatility,0
2010-12-23,low_volatility,0
2010-12-27,normal,1
2010-12-28,normal,1
2010-12-29,normal,1
2010-12-30,low_volatility,0
2010-12-31,normal,1
2011-01-03,normal,1
2011-01-04,normal,1
2011-01-05,normal,1
2011-01-06,low_volatility,0
2011-01-07,elevated,2
2011-01-10,normal,1
2011-01-11,low_volatility,0
2011-01-12,normal,1
2011-01-13,low_volatility,0
2011-01-14,low_volatility,0
2011-01-18,low_volatility,0
2011-01-19,elevated,2
2011-01-20,normal,1
2011-01-21,normal,1
2011-01-24,low_volatility,0
2011-01-25,elevated,2
2011-01-26,elevated,2
2011-01-27,normal,1
2011-01-28,low_volatility,0
2011-01-31,normal,1
2011-02-01,low_volatility,0
2011-02-02,normal,1
2011-02-03,normal,1
2011-02-04,elevated,2
2011-02-07,normal,1
2011-02-08,normal,1
2011-02-09,normal,1
2011-02-10,normal,1
2011-02-11,low_volatility,0
2011-02-14,normal,1
2011-02-15,normal,1
2011-02-16,elevated,2
2011-02-17,normal,1
2011-02-18,normal,1
2011-02-22,normal,1
2011-02-23,low_volatility,0
2011-02-24,low_volatility,0
2011-02-25,elevated,2
2011-02-28,normal,1
2011-03-01,elevated,2
2011-03-02,elevated,2
2011-03-03,normal,1
2011-03-04,low_volatility,0
2011-03-07,normal,1
2011-03-08,low_volatility,0
2011-03-09,low_volatility,0
2011-03-10,normal,1
2011-03-11,elevated,2
2011-03-14,normal,1
2011-03-15,normal,1
2011-03-16,low_volatility,0
2011-03-17,normal,1
2011-03-18,normal,1
2011-03-21,normal,1
2011-03-22,normal,1
2011-03-23,low_volatility,0
2011-03-24,normal,1
2011-03-25,low_volatility,0
2011-03-28,normal,1
2011-03-29,normal,1
2011-03-30,low_volatility,0
2011-03-31,normal,1
2011-04-01,elevated,2
2011-04-04,normal,1
2011-04-05,normal,1
2011-04-06,elevated,2
2011-04-07,normal,1
2011-04-08,low_volatility,0
2011-04-11,normal,1
2011-04-12,normal,1
2011-04-13,low_volatility,0
2011-04-14,low_volatility,0
2011-04-15,normal,1
2011-04-18,normal,1
2011-04-19,normal,1
2011-04-20,low_volatility,0
2011-04-21,normal,1
2011-04-25,elevated,2
2011-04-26,low_volatility,0
2011-04-27,normal,1
2011-04-28,normal,1
2011-04-29,low_volatility,0
2011-05-02,low_volatility,0
2011-05-03,normal,1
2011-05-04,normal,1
2011-05-05,normal,1
2011-05-06,normal,1
2011-05-09,normal,1
2011-05-10,normal,1
2011-05-11,elevated,2
2011-05-12,normal,1
2011-05-13,normal,1
2011-05-16,elevated,2
2011-05-17,normal,1
2011-05-18,normal,1
2011-05-19,normal,1
2011-05-20,normal,1
2011-05-23,normal,1
2011-05-24,normal,1
2011-05-25,normal,1
2011-05-26,elevated,2
2011-05-27,normal,1
2011-05-31,normal,1
2011-06-01,normal,1
2011-06-02,normal,1
2011-06-03,low_volatility,0
2011-06-06,normal,1
2011-06-07,normal,1
2011-06-08,normal,1
2011-06-09,normal,1
2011-06-10,elevated,2
2011-06-13,normal,1
2011-06-14,normal,1
2011-06-15,normal,1
2011-06-16,normal,1
2011-06-17,normal,1
2011-06-20,low_volatility,0
2011-06-21,normal,1
2011-06-22,normal,1
2011-06-23,normal,1
2011-06-24,normal,1
2011-06-27,normal,1
2011-06-28,normal,1
2011-06-29,normal,1
2011-06-30,normal,1
2011-07-01,elevated,2
2011-07-05,normal,1
2011-07-06,normal,1
2011-07-07,elevated,2
2011-07-08,normal,1
2011-07-11,normal,1
2011-07-12,normal,1
2011-07-13,normal,1
2011-07-14,low_volatility,0
2011-07-15,low_volatility,0
2011-07-18,normal,1
2011-07-19,normal,1
2011-07-20,normal,1
2011-07-21,elevated,2
2011-07-22,normal,1
2011-07-25,normal,1
2011-07-26,normal,1
2011-07-27,normal,1
2011-07-28,elevated,2
2011-07-29,normal,1
2011-08-01,normal,1
2011-08-02,normal,1
2011-08-03,normal,1
2011-08-04,elevated,2
2011-08-05,elevated,2
2011-08-08,elevated,2
2011-08-09,high_volatility,3
2011-08-10,high_volatility,3
2011-08-11,high_volatility,3
2011-08-12,high_volatility,3
2011-08-15,high_volatility,3
2011-08-16,low_volatility,0
2011-08-17,high_volatility,3
2011-08-18,high_volatility,3
2011-08-19,high_volatility,3
2011-08-22,high_volatility,3
2011-08-23,high_volatility,3
2011-08-24,normal,1
2011-08-25,normal,1
2011-08-26,normal,1
2011-08-29,normal,1
2011-08-30,normal,1
2011-08-31,normal,1
2011-09-01,elevated,2
2011-09-02,normal,1
2011-09-06,normal,1
2011-09-07,normal,1
2011-09-08,normal,1
2011-09-09,high_volatility,3
2011-09-12,normal,1
2011-09-13,normal,1
2011-09-14,normal,1
2011-09-15,normal,1
2011-09-16,normal,1
2011-09-19,normal,1
2011-09-20,normal,1
2011-09-21,elevated,2
2011-09-22,normal,1
2011-09-23,normal,1
2011-09-26,normal,1
2011-09-27,normal,1
2011-09-28,normal,1
2011-09-29,normal,1
2011-09-30,normal,1
2011-10-03,normal,1
2011-10-04,high_volatility,3
2011-10-05,normal,1
2011-10-06,normal,1
2011-10-07,normal,1
2011-10-10,normal,1
2011-10-11,normal,1
2011-10-12,elevated,2
2011-10-13,elevated,2
2011-10-14,low_volatility,0
2011-10-17,normal,1
2011-10-18,normal,1
2011-10-19,low_volatility,0
2011-10-20,low_volatility,0
2011-10-21,normal,1
2011-10-24,low_volatility,0
2011-10-25,normal,1
2011-10-26,normal,1
2011-10-27,normal,1
2011-10-28,normal,1
2011-10-31,normal,1
2011-11-01,normal,1
2011-11-02,normal,1
2011-11-03,normal,1
2011-11-04,low_volatility,0
2011-11-07,normal,1
2011-11-08,normal,1
2011-11-09,normal,1
2011-11-10,normal,1
2011-11-11,normal,1
2011-11-14,normal,1
2011-11-15,normal,1
2011-11-16,normal,1
2011-11-17,normal,1
2011-11-18,normal,1
2011-11-21,elevated,2
2011-11-22,normal,1
2011-11-23,normal,1
2011-11-25,normal,1
2011-11-28,normal,1
2011-11-29,normal,1
2011-11-30,normal,1
2011-12-01,normal,1
2011-12-02,low_volatility,0
2011-12-05,normal,1
2011-12-06,elevated,2
2011-12-07,normal,1
2011-12-08,normal,1
2011-12-09,elevated,2
2011-12-12,normal,1
2011-12-13,normal,1
2011-12-14,normal,1
2011-12-15,normal,1
2011-12-16,low_volatility,0
2011-12-19,normal,1
2011-12-20,normal,1
2011-12-21,normal,1
2011-12-22,normal,1
2011-12-23,low_volatility,0
2011-12-27,normal,1
2011-12-28,normal,1
2011-12-29,normal,1
2011-12-30,normal,1
2012-01-03,elevated,2
2012-01-04,normal,1
2012-01-05,normal,1
2012-01-06,elevated,2
2012-01-09,normal,1
2012-01-10,normal,1
2012-01-11,normal,1
2012-01-12,normal,1
2012-01-13,elevated,2
2012-01-17,low_volatility,0
2012-01-18,elevated,2
2012-01-19,elevated,2
2012-01-20,elevated,2
2012-01-23,normal,1
2012-01-24,normal,1
2012-01-25,normal,1
2012-01-26,low_volatility,0
2012-01-27,low_volatility,0
2012-01-30,normal,1
2012-01-31,normal,1
2012-02-01,normal,1
2012-02-02,normal,1
2012-02-03,elevated,2
2012-02-06,normal,1
2012-02-07,normal,1
2012-02-08,normal,1
2012-02-09,normal,1
2012-02-10,normal,1
2012-02-13,normal,1
2012-02-14,low_volatility,0
2012-02-15,normal,1
2012-02-16,normal,1
2012-02-17,normal,1
2012-02-21,normal,1
2012-02-22,low_volatility,0
2012-02-23,normal,1
2012-02-24,normal,1
2012-02-27,low_volatility,0
2012-02-28,normal,1
2012-02-29,normal,1
2012-03-01,normal,1
2012-03-02,normal,1
2012-03-05,elevated,2
2012-03-06,elevated,2
2012-03-07,normal,1
2012-03-08,normal,1
2012-03-09,elevated,2
2012-03-12,normal,1
2012-03-13,low_volatility,0
2012-03-14,elevated,2
2012-03-15,normal,1
2012-03-16,normal,1
2012-03-19,low_volatility,0
2012-03-20,low_volatility,0
2012-03-21,elevated,2
2012-03-22,normal,1
2012-03-23,normal,1
2012-03-26,low_volatility,0
2012-03-27,low_volatility,0
2012-03-28,elevated,2
2012-03-29,normal,1
2012-03-30,normal,1
2012-04-02,low_volatility,0
2012-04-03,low_volatility,0
2012-04-04,low_volatility,0
2012-04-05,normal,1
2012-04-09,low_volatility,0
2012-04-10,normal,1
2012-04-11,normal,1
2012-04-12,elevated,2
2012-04-13,elevated,2
2012-04-16,elevated,2
2012-04-17,normal,1
2012-04-18,normal,1
2012-04-19,elevated,2
2012-04-20,elevated,2
2012-04-23,low_volatility,0
2012-04-24,normal,1
2012-04-25,low_volatility,0
2012-04-26,normal,1
2012-04-27,low_volatility,0
2012-04-30,elevated,2
2012-05-01,low_volatility,0
2012-05-02,normal,1
2012-05-03,normal,1
2012-05-04,elevated,2
2012-05-07,low_volatility,0
2012-05-08,elevated,2
2012-05-09,normal,1
2012-05-10,normal,1
2012-05-11,low_volatility,0
2012-05-14,elevated,2
2012-05-15,low_volatility,0
2012-05-16,normal,1
2012-05-17,normal,1
2012-05-18,elevated,2
2012-05-21,normal,1
2012-05-22,normal,1
2012-05-23,normal,1
2012-05-24,normal,1
2012-05-25,normal,1
2012-05-29,normal,1
2012-05-30,normal,1
2012-05-31,normal,1
2012-06-01,normal,1
2012-06-04,elevated,2
2012-06-05,elevated,2
2012-06-06,low_volatility,0
2012-06-07,normal,1
2012-06-08,normal,1
2012-06-11,low_volatility,0
2012-06-12,normal,1
2012-06-13,normal,1
2012-06-14,elevated,2
2012-06-15,normal,1
2012-06-18,elevated,2
2012-06-19,elevated,2
2012-06-20,normal,1
2012-06-21,low_volatility,0
2012-06-22,normal,1
2012-06-25,elevated,2
2012-06-26,normal,1
2012-06-27,normal,1
2012-06-28,normal,1
2012-06-29,normal,1
2012-07-02,normal,1
2012-07-03,normal,1
2012-07-05,normal,1
2012-07-06,normal,1
2012-07-09,normal,1
2012-07-10,normal,1
2012-07-11,normal,1
2012-07-12,normal,1
2012-07-13,normal,1
2012-07-16,normal,1
2012-07-17,normal,1
2012-07-18,normal,1
2012-07-19,low_volatility,0
2012-07-20,elevated,2
2012-07-23,elevated,2
2012-07-24,normal,1
2012-07-25,normal,1
2012-07-26,normal,1
2012-07-27,low_volatility,0
2012-07-30,low_volatility,0
2012-07-31,elevated,2
2012-08-01,normal,1
2012-08-02,normal,1
2012-08-03,normal,1
2012-08-06,low_volatility,0
2012-08-07,normal,1
2012-08-08,normal,1
2012-08-09,elevated,2
2012-08-10,elevated,2
2012-08-13,elevated,2
2012-08-14,normal,1
2012-08-15,normal,1
2012-08-16,normal,1
2012-08-17,low_volatility,0
2012-08-20,low_volatility,0
2012-08-21,low_volatility,0
2012-08-22,low_volatility,0
2012-08-23,normal,1
2012-08-24,normal,1
2012-08-27,elevated,2
2012-08-28,normal,1
2012-08-29,normal,1
2012-08-30,low_volatility,0
2012-08-31,elevated,2
2012-09-04,normal,1
2012-09-05,normal,1
2012-09-06,normal,1
2012-09-07,elevated,2
2012-09-10,normal,1
2012-09-11,normal,1
2012-09-12,normal,1
2012-09-13,normal,1
2012-09-14,low_volatility,0
2012-09-17,elevated,2
2012-09-18,normal,1
2012-09-19,elevated,2
2012-09-20,normal,1
2012-09-21,normal,1
2012-09-24,low_volatility,0
2012-09-25,normal,1
2012-09-26,normal,1
2012-09-27,normal,1
2012-09-28,normal,1
2012-10-01,elevated,2
2012-10-02,elevated,2
2012-10-03,normal,1
2012-10-04,normal,1
2012-10-05,elevated,2
2012-10-08,elevated,2
2012-10-09,normal,1
2012-10-10,normal,1
2012-10-11,normal,1
2012-10-12,low_volatility,0
2012-10-15,normal,1
2012-10-16,normal,1
2012-10-17,normal,1
2012-10-18,elevated,2
2012-10-19,normal,1
2012-10-22,normal,1
2012-10-23,normal,1
2012-10-24,normal,1
2012-10-25,low_volatility,0
2012-10-26,low_volatility,0
2012-10-31,normal,1
2012-11-01,normal,1
2012-11-02,elevated,2
2012-11-05,normal,1
2012-11-06,low_volatility,0
2012-11-07,normal,1
2012-11-08,normal,1
2012-11-09,low_volatility,0
2012-11-12,normal,1
2012-11-13,elevated,2
2012-11-14,normal,1
2012-11-15,normal,1
2012-11-16,low_volatility,0
2012-11-19,normal,1
2012-11-20,low_volatility,0
2012-11-21,normal,1
2012-11-23,normal,1
2012-11-26,low_volatility,0
2012-11-27,normal,1
2012-11-28,elevated,2
2012-11-29,normal,1
2012-11-30,normal,1
2012-12-03,elevated,2
2012-12-04,normal,1
2012-12-05,normal,1
2012-12-06,normal,1
2012-12-07,elevated,2
2012-12-10,low_volatility,0
2012-12-11,normal,1
2012-12-12,normal,1
2012-12-13,normal,1
2012-12-14,normal,1
2012-12-17,elevated,2
2012-12-18,normal,1
2012-12-19,normal,1
2012-12-20,normal,1
2012-12-21,normal,1
2012-12-24,elevated,2
2012-12-26,normal,1
2012-12-27,low_volatility,0
2012-12-28,normal,1
2012-12-31,normal,1
2013-01-02,low_volatility,0
2013-01-03,normal,1
2013-01-04,elevated,2
2013-01-07,normal,1
2013-01-08,normal,1
2013-01-09,normal,1
2013-01-10,elevated,2
2013-01-11,low_volatility,0
2013-01-14,elevated,2
2013-01-15,normal,1
2013-01-16,normal,1
2013-01-17,normal,1
2013-01-18,normal,1
2013-01-22,low_volatility,0
2013-01-23,normal,1
2013-01-24,elevated,2
2013-01-25,normal,1
2013-01-28,low_volatility,0
2013-01-29,elevated,2
2013-01-30,normal,1
2013-01-31,low_volatility,0
2013-02-01,normal,1
2013-02-04,normal,1
2013-02-05,elevated,2
2013-02-06,normal,1
2013-02-07,normal,1
2013-02-08,elevated,2
2013-02-11,normal,1
2013-02-12,normal,1
2013-02-13,normal,1
2013-02-14,normal,1
2013-02-15,normal,1
2013-02-19,normal,1
2013-02-20,normal,1
2013-02-21,elevated,2
2013-02-22,elevated,2
2013-02-25,elevated,2
2013-02-26,normal,1
2013-02-27,normal,1
2013-02-28,low_volatility,0
2013-03-01,low_volatility,0
2013-03-04,low_volatility,0
2013-03-05,normal,1
2013-03-06,normal,1
2013-03-07,normal,1
2013-03-08,low_volatility,0
2013-03-11,normal,1
2013-03-12,normal,1
2013-03-13,normal,1
2013-03-14,normal,1
2013-03-15,normal,1
2013-03-18,normal,1
2013-03-19,normal,1
2013-03-20,normal,1
2013-03-21,low_volatility,0
2013-03-22,normal,1
2013-03-25,normal,1
2013-03-26,low_volatility,0
2013-03-27,normal,1
2013-03-28,normal,1
2013-04-01,low_volatility,0
2013-04-02,low_volatility,0
2013-04-03,elevated,2
2013-04-04,normal,1
2013-04-05,normal,1
2013-04-08,elevated,2
2013-04-09,elevated,2
2013-04-10,low_volatility,0
2013-04-11,normal,1
2013-04-12,normal,1
2013-04-15,normal,1
2013-04-16,low_volatility,0
2013-04-17,elevated,2
2013-04-18,normal,1
2013-04-19,normal,1
2013-04-22,low_volatility,0
2013-04-23,elevated,2
2013-04-24,elevated,2
2013-04-25,normal,1
2013-04-26,normal,1
2013-04-29,normal,1
2013-04-30,low_volatility,0
2013-05-01,elevated,2
2013-05-02,normal,1
2013-05-03,normal,1
2013-05-06,normal,1
2013-05-07,low_volatility,0
2013-05-08,normal,1
2013-05-09,normal,1
2013-05-10,low_volatility,0
2013-05-13,normal,1
2013-05-14,normal,1
2013-05-15,low_volatility,0
2013-05-16,normal,1
2013-05-17,normal,1
2013-05-20,normal,1
2013-05-21,low_volatility,0
2013-05-22,normal,1
2013-05-23,normal,1
2013-05-24,normal,1
2013-05-28,normal,1
2013-05-29,elevated,2
2013-05-30,elevated,2
2013-05-31,elevated,2
2013-06-03,normal,1
2013-06-04,normal,1
2013-06-05,normal,1
2013-06-06,normal,1
2013-06-07,low_volatility,0
2013-06-10,normal,1
2013-06-11,low_volatility,0
2013-06-12,normal,1
2013-06-13,normal,1
2013-06-14,normal,1
2013-06-17,elevated,2
2013-06-18,normal,1
2013-06-19,normal,1
2013-06-20,normal,1
2013-06-21,normal,1
2013-06-24,normal,1
2013-06-25,normal,1
2013-06-26,normal,1
2013-06-27,elevated,2
2013-06-28,normal,1
2013-07-01,elevated,2
2013-07-02,normal,1
2013-07-03,normal,1
2013-07-05,low_volatility,0
2013-07-08,normal,1
2013-07-09,normal,1
2013-07-10,normal,1
2013-07-11,normal,1
2013-07-12,normal,1
2013-07-15,normal,1
2013-07-16,normal,1
2013-07-17,low_volatility,0
2013-07-18,normal,1
2013-07-19,normal,1
2013-07-22,normal,1
2013-07-23,low_volatility,0
2013-07-24,normal,1
2013-07-25,normal,1
2013-07-26,normal,1
2013-07-29,normal,1
2013-07-30,elevated,2
2013-07-31,normal,1
2013-08-01,normal,1
2013-08-02,normal,1
2013-08-05,elevated,2
2013-08-06,low_volatility,0
2013-08-07,normal,1
2013-08-08,normal,1
2013-08-09,normal,1
2013-08-12,normal,1
2013-08-13,low_volatility,0
2013-08-14,normal,1
2013-08-15,normal,1
2013-08-16,normal,1
2013-08-19,normal,1
2013-08-20,normal,1
2013-08-21,normal,1
2013-08-22,normal,1
2013-08-23,normal,1
2013-08-26,normal,1
2013-08-27,normal,1
2013-08-28,normal,1
2013-08-29,normal,1
2013-08-30,normal,1
2013-09-03,normal,1
2013-09-04,normal,1
2013-09-05,normal,1
2013-09-06,normal,1
2013-09-09,low_volatility,0
2013-09-10,elevated,2
2013-09-11,normal,1
2013-09-12,normal,1
2013-09-13,normal,1
2013-09-16,normal,1
2013-09-17,low_volatility,0
2013-09-18,low_volatility,0
2013-09-19,normal,1
2013-09-20,normal,1
2013-09-23,normal,1
2013-09-24,normal,1
2013-09-25,normal,1
2013-09-26,normal,1
2013-09-27,elevated,2
2013-09-30,low_volatility,0
2013-10-01,normal,1
2013-10-02,normal,1
2013-10-03,normal,1
2013-10-04,low_volatility,0
2013-10-07,normal,1
2013-10-08,low_volatility,0
2013-10-09,normal,1
2013-10-10,normal,1
2013-10-11,elevated,2
2013-10-14,normal,1
2013-10-15,normal,1
2013-10-16,normal,1
2013-10-17,elevated,2
2013-10-18,elevated,2
2013-10-21,normal,1
2013-10-22,elevated,2
2013-10-23,normal,1
2013-10-24,normal,1
2013-10-25,normal,1
2013-10-28,low_volatility,0
2013-10-29,low_volatility,0
2013-10-30,normal,1
2013-10-31,low_volatility,0
2013-11-01,normal,1
2013-11-04,normal,1
2013-11-05,normal,1
2013-11-06,normal,1
2013-11-07,normal,1
2013-11-08,normal,1
2013-11-11,normal,1
2013-11-12,normal,1
2013-11-13,normal,1
2013-11-14,normal,1
2013-11-15,normal,1
2013-11-18,low_volatility,0
2013-11-19,normal,1
2013-11-20,normal,1
2013-11-21,elevated,2
2013-11-22,normal,1
2013-11-25,low_volatility,0
2013-11-26,normal,1
2013-11-27,normal,1
2013-11-29,low_volatility,0
2013-12-02,low_volatility,0
2013-12-03,normal,1
2013-12-04,normal,1
2013-12-05,normal,1
2013-12-06,elevated,2
2013-12-09,low_volatility,0
2013-12-10,normal,1
2013-12-11,normal,1
2013-12-12,normal,1
2013-12-13,normal,1
2013-12-16,low_volatility,0
2013-12-17,normal,1
2013-12-18,normal,1
2013-12-19,normal,1
2013-12-20,normal,1
2013-12-23,normal,1
2013-12-24,normal,1
2013-12-26,normal,1
2013-12-27,low_volatility,0
2013-12-30,elevated,2
2013-12-31,low_volatility,0
2014-01-02,elevated,2
2014-01-03,elevated,2
2014-01-06,normal,1
2014-01-07,low_volatility,0
2014-01-08,normal,1
2014-01-09,low_volatility,0
2014-01-10,normal,1
2014-01-13,elevated,2
2014-01-14,low_volatility,0
2014-01-15,low_volatility,0
2014-01-16,normal,1
2014-01-17,normal,1
2014-01-21,normal,1
2014-01-22,elevated,2
2014-01-23,normal,1
2014-01-24,normal,1
2014-01-27,normal,1
2014-01-28,elevated,2
2014-01-29,normal,1
2014-01-30,low_volatility,0
2014-01-31,elevated,2
2014-02-03,elevated,2
2014-02-04,elevated,2
2014-02-05,normal,1
2014-02-06,low_volatility,0
2014-02-07,normal,1
2014-02-10,low_volatility,0
2014-02-11,normal,1
2014-02-12,normal,1
2014-02-13,normal,1
2014-02-14,normal,1
2014-02-18,normal,1
2014-02-19,elevated,2
2014-02-20,normal,1
2014-02-21,elevated,2
2014-02-24,normal,1
2014-02-25,normal,1
2014-02-26,low_volatility,0
2014-02-27,low_volatility,0
2014-02-28,normal,1
2014-03-03,low_volatility,0
2014-03-04,normal,1
2014-03-05,elevated,2
2014-03-06,elevated,2
2014-03-07,elevated,2
2014-03-10,elevated,2
2014-03-11,normal,1
2014-03-12,low_volatility,0
2014-03-13,low_volatility,0
2014-03-14,normal,1
2014-03-17,low_volatility,0
2014-03-18,normal,1
2014-03-19,normal,1
2014-03-20,normal,1
2014-03-21,normal,1
2014-03-24,elevated,2
2014-03-25,low_volatility,0
2014-03-26,low_volatility,0
2014-03-27,normal,1
2014-03-28,normal,1
2014-03-31,low_volatility,0
2014-04-01,normal,1
2014-04-02,normal,1
2014-04-03,normal,1
2014-04-04,elevated,2
2014-04-07,elevated,2
2014-04-08,normal,1
2014-04-09,normal,1
2014-04-10,normal,1
2014-04-11,low_volatility,0
2014-04-14,low_volatility,0
2014-04-15,elevated,2
2014-04-16,normal,1
2014-04-17,normal,1
2014-04-21,elevated,2
2014-04-22,elevated,2
2014-04-23,normal,1
2014-04-24,normal,1
2014-04-25,normal,1
2014-04-28,normal,1
2014-04-29,low_volatility,0
2014-04-30,normal,1
2014-05-01,normal,1
2014-05-02,normal,1
2014-05-05,normal,1
2014-05-06,low_volatility,0
2014-05-07,normal,1
2014-05-08,normal,1
2014-05-09,normal,1
2014-05-12,normal,1
2014-05-13,low_volatility,0
2014-05-14,normal,1
2014-05-15,normal,1
2014-05-16,normal,1
2014-05-19,normal,1
2014-05-20,normal,1
2014-05-21,normal,1
2014-05-22,normal,1
2014-05-23,low_volatility,0
2014-05-27,low_volatility,0
2014-05-28,normal,1
2014-05-29,normal,1
2014-05-30,normal,1
2014-06-02,normal,1
2014-06-03,normal,1
2014-06-04,low_volatility,0
2014-06-05,low_volatility,0
2014-06-06,normal,1
2014-06-09,normal,1
2014-06-10,normal,1
2014-06-11,elevated,2
2014-06-12,elevated,2
2014-06-13,elevated,2
2014-06-16,low_volatility,0
2014-06-17,normal,1
2014-06-18,low_volatility,0
2014-06-19,elevated,2
2014-06-20,normal,1
2014-06-23,elevated,2
2014-06-24,low_volatility,0
2014-06-25,normal,1
2014-06-26,low_volatility,0
2014-06-27,elevated,2
2014-06-30,low_volatility,0
2014-07-01,normal,1
2014-07-02,normal,1
2014-07-03,normal,1
2014-07-07,normal,1
2014-07-08,elevated,2
2014-07-09,normal,1
2014-07-10,elevated,2
2014-07-11,normal,1
2014-07-14,normal,1
2014-07-15,normal,1
2014-07-16,normal,1
2014-07-17,normal,1
2014-07-18,normal,1
2014-07-21,normal,1
2014-07-22,low_volatility,0
2014-07-23,normal,1
2014-07-24,normal,1
2014-07-25,elevated,2
2014-07-28,normal,1
2014-07-29,elevated,2
2014-07-30,normal,1
2014-07-31,elevated,2
2014-08-01,normal,1
2014-08-04,low_volatility,0
2014-08-05,low_volatility,0
2014-08-06,elevated,2
2014-08-07,normal,1
2014-08-08,normal,1
2014-08-11,low_volatility,0
2014-08-12,elevated,2
2014-08-13,normal,1
2014-08-14,normal,1
2014-08-15,elevated,2
2014-08-18,normal,1
2014-08-19,normal,1
2014-08-20,normal,1
2014-08-21,low_volatility,0
2014-08-22,low_volatility,0
2014-08-25,normal,1
2014-08-26,normal,1
2014-08-27,normal,1
2014-08-28,normal,1
2014-08-29,low_volatility,0
2014-09-02,normal,1
2014-09-03,elevated,2
2014-09-04,normal,1
2014-09-05,normal,1
2014-09-08,low_volatility,0
2014-09-09,normal,1
2014-09-10,elevated,2
2014-09-11,normal,1
2014-09-12,normal,1
2014-09-15,elevated,2
2014-09-16,normal,1
2014-09-17,low_volatility,0
2014-09-18,normal,1
2014-09-19,normal,1
2014-09-22,normal,1
2014-09-23,normal,1
2014-09-24,normal,1
2014-09-25,elevated,2
2014-09-26,normal,1
2014-09-29,normal,1
2014-09-30,elevated,2
2014-10-01,low_volatility,0
2014-10-02,normal,1
2014-10-03,normal,1
2014-10-06,elevated,2
2014-10-07,normal,1
2014-10-08,normal,1
2014-10-09,elevated,2
2014-10-10,normal,1
2014-10-13,elevated,2
2014-10-14,normal,1
2014-10-15,normal,1
2014-10-16,normal,1
2014-10-17,low_volatility,0
2014-10-20,normal,1
2014-10-21,normal,1
2014-10-22,normal,1
2014-10-23,elevated,2
2014-10-24,normal,1
2014-10-27,normal,1
2014-10-28,elevated,2
2014-10-29,normal,1
2014-10-30,low_volatility,0
2014-10-31,normal,1
2014-11-03,normal,1
2014-11-04,low_volatility,0
2014-11-05,normal,1
2014-11-06,elevated,2
2014-11-07,normal,1
2014-11-10,normal,1
2014-11-11,low_volatility,0
2014-11-12,normal,1
2014-11-13,low_volatility,0
2014-11-14,low_volatility,0
2014-11-17,low_volatility,0
2014-11-18,normal,1
2014-11-19,elevated,2
2014-11-20,normal,1
2014-11-21,normal,1
2014-11-24,normal,1
2014-11-25,low_volatility,0
2014-11-26,low_volatility,0
2014-11-28,normal,1
2014-12-01,normal,1
2014-12-02,normal,1
2014-12-03,normal,1
2014-12-04,low_volatility,0
2014-12-05,normal,1
2014-12-08,elevated,2
2014-12-09,normal,1
2014-12-10,normal,1
2014-12-11,low_volatility,0
2014-12-12,normal,1
2014-12-15,low_volatility,0
2014-12-16,elevated,2
2014-12-17,low_volatility,0
2014-12-18,elevated,2
2014-12-19,normal,1
2014-12-22,low_volatility,0
2014-12-23,low_volatility,0
2014-12-24,elevated,2
2014-12-26,low_volatility,0
2014-12-29,low_volatility,0
2014-12-30,normal,1
2014-12-31,normal,1
2015-01-02,normal,1
2015-01-05,low_volatility,0
2015-01-06,elevated,2
2015-01-07,low_volatility,0
2015-01-08,elevated,2
2015-01-09,normal,1
2015-01-12,elevated,2
2015-01-13,normal,1
2015-01-14,elevated,2
2015-01-15,normal,1
2015-01-16,normal,1
2015-01-20,low_volatility,0
2015-01-21,low_volatility,0
2015-01-22,low_volatility,0
2015-01-23,normal,1
2015-01-26,normal,1
2015-01-27,normal,1
2015-01-28,low_volatility,0
2015-01-29,normal,1
2015-01-30,normal,1
2015-02-02,elevated,2
2015-02-03,normal,1
2015-02-04,normal,1
2015-02-05,normal,1
2015-02-06,normal,1
2015-02-09,low_volatility,0
2015-02-10,normal,1
2015-02-11,low_volatility,0
2015-02-12,normal,1
2015-02-13,elevated,2
2015-02-17,elevated,2
2015-02-18,normal,1
2015-02-19,normal,1
2015-02-20,low_volatility,0
2015-02-23,low_volatility,0
2015-02-24,low_volatility,0
2015-02-25,normal,1
2015-02-26,normal,1
2015-02-27,elevated,2
2015-03-02,elevated,2
2015-03-03,low_volatility,0
2015-03-04,normal,1
2015-03-05,low_volatility,0
2015-03-06,elevated,2
2015-03-09,elevated,2
2015-03-10,low_volatility,0
2015-03-11,low_volatility,0
2015-03-12,normal,1
2015-03-13,normal,1
2015-03-16,normal,1
2015-03-17,elevated,2
2015-03-18,elevated,2
2015-03-19,normal,1
2015-03-20,normal,1
2015-03-23,normal,1
2015-03-24,normal,1
2015-03-25,low_volatility,0
2015-03-26,normal,1
2015-03-27,normal,1
2015-03-30,normal,1
2015-03-31,normal,1
2015-04-01,low_volatility,0
2015-04-02,normal,1
2015-04-06,elevated,2
2015-04-07,normal,1
2015-04-08,normal,1
2015-04-09,low_volatility,0
2015-04-10,normal,1
2015-04-13,elevated,2
2015-04-14,normal,1
2015-04-15,low_volatility,0
2015-04-16,normal,1
2015-04-17,normal,1
2015-04-20,elevated,2
2015-04-21,normal,1
2015-04-22,normal,1
2015-04-23,normal,1
2015-04-24,normal,1
2015-04-27,normal,1
2015-04-28,normal,1
2015-04-29,normal,1
2015-04-30,normal,1
2015-05-01,elevated,2
2015-05-04,normal,1
2015-05-05,low_volatility,0
2015-05-06,normal,1
2015-05-07,normal,1
2015-05-08,normal,1
2015-05-11,normal,1
2015-05-12,elevated,2
2015-05-13,elevated,2
2015-05-14,normal,1
2015-05-15,normal,1
2015-05-18,normal,1
2015-05-19,low_volatility,0
2015-05-20,elevated,2
2015-05-21,elevated,2
2015-05-22,elevated,2
2015-05-26,normal,1
2015-05-27,normal,1
2015-05-28,low_volatility,0
2015-05-29,elevated,2
2015-06-01,normal,1
2015-06-02,normal,1
2015-06-03,normal,1
2015-06-04,low_volatility,0
2015-06-05,normal,1
2015-06-08,normal,1
2015-06-09,normal,1
2015-06-10,normal,1
2015-06-11,normal,1
2015-06-12,normal,1
2015-06-15,normal,1
2015-06-16,elevated,2
2015-06-17,low_volatility,0
2015-06-18,normal,1
2015-06-19,normal,1
2015-06-22,normal,1
2015-06-23,normal,1
2015-06-24,elevated,2
2015-06-25,normal,1
2015-06-26,normal,1
2015-06-29,normal,1
2015-06-30,normal,1
2015-07-01,normal,1
2015-07-02,normal,1
2015-07-06,low_volatility,0
2015-07-07,elevated,2
2015-07-08,elevated,2
2015-07-09,normal,1
2015-07-10,normal,1
2015-07-13,elevated,2
2015-07-14,normal,1
2015-07-15,low_volatility,0
2015-07-16,low_volatility,0
2015-07-17,low_volatility,0
2015-07-20,normal,1
2015-07-21,normal,1
2015-07-22,elevated,2
2015-07-23,low_volatility,0
2015-07-24,elevated,2
2015-07-27,normal,1
2015-07-28,normal,1
2015-07-29,normal,1
2015-07-30,normal,1
2015-07-31,elevated,2
2015-08-03,elevated,2
2015-08-04,elevated,2
2015-08-05,normal,1
2015-08-06,normal,1
2015-08-07,elevated,2
2015-08-10,normal,1
2015-08-11,low_volatility,0
2015-08-12,normal,1
2015-08-13,normal,1
2015-08-14,normal,1
2015-08-17,elevated,2
2015-08-18,elevated,2
2015-08-19,normal,1
2015-08-20,elevated,2
2015-08-21,elevated,2
2015-08-24,elevated,2
2015-08-25,elevated,2
2015-08-26,normal,1
2015-08-27,normal,1
2015-08-28,low_volatility,0
2015-08-31,normal,1
2015-09-01,normal,1
2015-09-02,normal,1
2015-09-03,normal,1
2015-09-04,elevated,2
2015-09-08,normal,1
2015-09-09,normal,1
2015-09-10,normal,1
2015-09-11,normal,1
2015-09-14,low_volatility,0
2015-09-15,normal,1
2015-09-16,normal,1
2015-09-17,normal,1
2015-09-18,normal,1
2015-09-21,elevated,2
2015-09-22,elevated,2
2015-09-23,normal,1
2015-09-24,normal,1
2015-09-25,elevated,2
2015-09-28,normal,1
2015-09-29,normal,1
2015-09-30,elevated,2
2015-10-01,normal,1
2015-10-02,normal,1
2015-10-05,elevated,2
2015-10-06,normal,1
2015-10-07,low_volatility,0
2015-10-08,low_volatility,0
2015-10-09,normal,1
2015-10-12,low_volatility,0
2015-10-13,normal,1
2015-10-14,elevated,2
2015-10-15,low_volatility,0
2015-10-16,normal,1
2015-10-19,normal,1
2015-10-20,normal,1
2015-10-21,low_volatility,0
2015-10-22,normal,1
2015-10-23,normal,1
2015-10-26,elevated,2
2015-10-27,normal,1
2015-10-28,elevated,2
2015-10-29,normal,1
2015-10-30,normal,1
2015-11-02,low_volatility,0
2015-11-03,elevated,2
2015-11-04,normal,1
2015-11-05,elevated,2
2015-11-06,normal,1
2015-11-09,normal,1
2015-11-10,normal,1
2015-11-11,elevated,2
2015-11-12,normal,1
2015-11-13,normal,1
2015-11-16,normal,1
2015-11-17,elevated,2
2015-11-18,normal,1
2015-11-19,normal,1
2015-11-20,normal,1
2015-11-23,elevated,2
2015-11-24,elevated,2
2015-11-25,normal,1
2015-11-27,normal,1
2015-11-30,low_volatility,0
2015-12-01,normal,1
2015-12-02,normal,1
2015-12-03,normal,1
2015-12-04,normal,1
2015-12-07,low_volatility,0
2015-12-08,normal,1
2015-12-09,elevated,2
2015-12-10,elevated,2
2015-12-11,elevated,2
2015-12-14,elevated,2
2015-12-15,normal,1
2015-12-16,normal,1
2015-12-17,normal,1
2015-12-18,normal,1
2015-12-21,elevated,2
2015-12-22,elevated,2
2015-12-23,normal,1
2015-12-24,normal,1
2015-12-28,normal,1
2015-12-29,low_volatility,0
2015-12-30,low_volatility,0
2015-12-31,normal,1
2016-01-04,elevated,2
2016-01-05,low_volatility,0
2016-01-06,elevated,2
2016-01-07,elevated,2
2016-01-08,elevated,2
2016-01-11,normal,1
2016-01-12,elevated,2
2016-01-13,low_volatility,0
2016-01-14,normal,1
2016-01-15,low_volatility,0
2016-01-19,normal,1
2016-01-20,normal,1
2016-01-21,normal,1
2016-01-22,normal,1
2016-01-25,normal,1
2016-01-26,normal,1
2016-01-27,normal,1
2016-01-28,normal,1
2016-01-29,normal,1
2016-02-01,elevated,2
2016-02-02,normal,1
2016-02-03,elevated,2
2016-02-04,normal,1
2016-02-05,elevated,2
2016-02-08,normal,1
2016-02-09,normal,1
2016-02-10,normal,1
2016-02-11,elevated,2
2016-02-12,elevated,2
2016-02-16,elevated,2
2016-02-17,normal,1
2016-02-18,normal,1
2016-02-19,normal,1
2016-02-22,normal,1
2016-02-23,elevated,2
2016-02-24,elevated,2
2016-02-25,low_volatility,0
2016-02-26,elevated,2
2016-02-29,normal,1
2016-03-01,normal,1
2016-03-02,low_volatility,0
2016-03-03,elevated,2
2016-03-04,elevated,2
2016-03-07,normal,1
2016-03-08,normal,1
2016-03-09,low_volatility,0
2016-03-10,low_volatility,0
2016-03-11,normal,1
2016-03-14,normal,1
2016-03-15,normal,1
2016-03-16,low_volatility,0
2016-03-17,normal,1
2016-03-18,elevated,2
2016-03-21,elevated,2
2016-03-22,low_volatility,0
2016-03-23,elevated,2
2016-03-24,elevated,2
2016-03-28,normal,1
2016-03-29,elevated,2
2016-03-30,elevated,2
2016-03-31,normal,1
2016-04-01,low_volatility,0
2016-04-04,elevated,2
2016-04-05,elevated,2
2016-04-06,normal,1
2016-04-07,normal,1
2016-04-08,low_volatility,0
2016-04-11,low_volatility,0
2016-04-12,low_volatility,0
2016-04-13,normal,1
2016-04-14,elevated,2
2016-04-15,elevated,2
2016-04-18,low_volatility,0
2016-04-19,elevated,2
2016-04-20,normal,1
2016-04-21,low_volatility,0
2016-04-22,elevated,2
2016-04-25,elevated,2
2016-04-26,normal,1
2016-04-27,normal,1
2016-04-28,normal,1
2016-04-29,normal,1
2016-05-02,elevated,2
2016-05-03,elevated,2
2016-05-04,elevated,2
2016-05-05,normal,1
2016-05-06,elevated,2
2016-05-09,low_volatility,0
2016-05-10,low_volatility,0
2016-05-11,normal,1
2016-05-12,normal,1
2016-05-13,elevated,2
2016-05-16,normal,1
2016-05-17,elevated,2
2016-05-18,normal,1
2016-05-19,normal,1
2016-05-20,normal,1
2016-05-23,elevated,2
2016-05-24,normal,1
2016-05-25,normal,1
2016-05-26,normal,1
2016-05-27,low_volatility,0
2016-05-31,low_volatility,0
2016-06-01,elevated,2
2016-06-02,elevated,2
2016-06-03,elevated,2
2016-06-06,normal,1
2016-06-07,normal,1
2016-06-08,low_volatility,0
2016-06-09,elevated,2
2016-06-10,elevated,2
2016-06-13,elevated,2
2016-06-14,low_volatility,0
2016-06-15,elevated,2
2016-06-16,normal,1
2016-06-17,normal,1
2016-06-20,low_volatility,0
2016-06-21,normal,1
2016-06-22,normal,1
2016-06-23,normal,1
2016-06-24,elevated,2
2016-06-27,elevated,2
2016-06-28,normal,1
2016-06-29,low_volatility,0
2016-06-30,normal,1
2016-07-01,elevated,2
2016-07-05,normal,1
2016-07-06,normal,1
2016-07-07,elevated,2
2016-07-08,low_volatility,0
2016-07-11,low_volatility,0
2016-07-12,low_volatility,0
2016-07-13,normal,1
2016-07-14,low_volatility,0
2016-07-15,normal,1
2016-07-18,elevated,2
2016-07-19,low_volatility,0
2016-07-20,normal,1
2016-07-21,elevated,2
2016-07-22,normal,1
2016-07-25,normal,1
2016-07-26,normal,1
2016-07-27,normal,1
2016-07-28,normal,1
2016-07-29,normal,1
2016-08-01,normal,1
2016-08-02,normal,1
2016-08-03,normal,1
2016-08-04,normal,1
2016-08-05,low_volatility,0
2016-08-08,normal,1
2016-08-09,normal,1
2016-08-10,normal,1
2016-08-11,normal,1
2016-08-12,elevated,2
2016-08-15,normal,1
2016-08-16,normal,1
2016-08-17,normal,1
2016-08-18,normal,1
2016-08-19,normal,1
2016-08-22,normal,1
2016-08-23,normal,1
2016-08-24,normal,1
2016-08-25,normal,1
2016-08-26,normal,1
2016-08-29,normal,1
2016-08-30,normal,1
2016-08-31,normal,1
2016-09-01,low_volatility,0
2016-09-02,normal,1
2016-09-06,normal,1
2016-09-07,normal,1
2016-09-08,elevated,2
2016-09-09,elevated,2
2016-09-12,normal,1
2016-09-13,elevated,2
2016-09-14,normal,1
2016-09-15,normal,1
2016-09-16,low_volatility,0
2016-09-19,normal,1
2016-09-20,normal,1
2016-09-21,normal,1
2016-09-22,low_volatility,0
2016-09-23,elevated,2
2016-09-26,elevated,2
2016-09-27,normal,1
2016-09-28,normal,1
2016-09-29,normal,1
2016-09-30,normal,1
2016-10-03,low_volatility,0
2016-10-04,normal,1
2016-10-05,normal,1
2016-10-06,normal,1
2016-10-07,elevated,2
2016-10-10,elevated,2
2016-10-11,normal,1
2016-10-12,normal,1
2016-10-13,normal,1
2016-10-14,low_volatility,0
2016-10-17,normal,1
2016-10-18,normal,1
2016-10-19,normal,1
2016-10-20,normal,1
2016-10-21,normal,1
2016-10-24,normal,1
2016-10-25,elevated,2
2016-10-26,normal,1
2016-10-27,normal,1
2016-10-28,normal,1
2016-10-31,normal,1
2016-11-01,low_volatility,0
2016-11-02,normal,1
2016-11-03,normal,1
2016-11-04,elevated,2
2016-11-07,normal,1
2016-11-08,normal,1
2016-11-09,normal,1
2016-11-10,normal,1
2016-11-11,low_volatility,0
2016-11-14,low_volatility,0
2016-11-15,normal,1
2016-11-16,elevated,2
2016-11-17,low_volatility,0
2016-11-18,normal,1
2016-11-21,normal,1
2016-11-22,normal,1
2016-11-23,normal,1
2016-11-25,normal,1
2016-11-28,normal,1
2016-11-29,elevated,2
2016-11-30,normal,1
2016-12-01,normal,1
2016-12-02,normal,1
2016-12-05,normal,1
2016-12-06,normal,1
2016-12-07,normal,1
2016-12-08,normal,1
2016-12-09,elevated,2
2016-12-12,normal,1
2016-12-13,normal,1
2016-12-14,normal,1
2016-12-15,normal,1
2016-12-16,normal,1
2016-12-19,low_volatility,0
2016-12-20,elevated,2
2016-12-21,normal,1
2016-12-22,normal,1
2016-12-23,normal,1
2016-12-27,elevated,2
2016-12-28,normal,1
2016-12-29,normal,1
2016-12-30,low_volatility,0
2017-01-03,normal,1
2017-01-04,normal,1
2017-01-05,low_volatility,0
2017-01-06,low_volatility,0
2017-01-09,normal,1
2017-01-10,normal,1
2017-01-11,normal,1
2017-01-12,elevated,2
2017-01-13,normal,1
2017-01-17,normal,1
2017-01-18,normal,1
2017-01-19,normal,1
2017-01-20,low_volatility,0
2017-01-23,elevated,2
2017-01-24,elevated,2
2017-01-25,normal,1
2017-01-26,normal,1
2017-01-27,elevated,2
2017-01-30,low_volatility,0
2017-01-31,normal,1
2017-02-01,elevated,2
2017-02-02,elevated,2
2017-02-03,elevated,2
2017-02-06,elevated,2
2017-02-07,normal,1
2017-02-08,normal,1
2017-02-09,low_volatility,0
2017-02-10,normal,1
2017-02-13,low_volatility,0
2017-02-14,normal,1
2017-02-15,normal,1
2017-02-16,normal,1
2017-02-17,normal,1
2017-02-21,low_volatility,0
2017-02-22,normal,1
2017-02-23,normal,1
2017-02-24,low_volatility,0
2017-02-27,elevated,2
2017-02-28,normal,1
2017-03-01,normal,1
2017-03-02,normal,1
2017-03-03,normal,1
2017-03-06,normal,1
2017-03-07,normal,1
2017-03-08,normal,1
2017-03-09,low_volatility,0
2017-03-10,normal,1
2017-03-13,normal,1
2017-03-14,elevated,2
2017-03-15,normal,1
2017-03-16,elevated,2
2017-03-17,normal,1
2017-03-20,normal,1
2017-03-21,elevated,2
2017-03-22,elevated,2
2017-03-23,normal,1
2017-03-24,elevated,2
2017-03-27,normal,1
2017-03-28,low_volatility,0
2017-03-29,low_volatility,0
2017-03-30,low_volatility,0
2017-03-31,elevated,2
2017-04-03,normal,1
2017-04-04,normal,1
2017-04-05,elevated,2
2017-04-06,elevated,2
2017-04-07,normal,1
2017-04-10,low_volatility,0
2017-04-11,normal,1
2017-04-12,normal,1
2017-04-13,normal,1
2017-04-17,normal,1
2017-04-18,elevated,2
2017-04-19,elevated,2
2017-04-20,normal,1
2017-04-21,elevated,2
2017-04-24,normal,1
2017-04-25,normal,1
2017-04-26,normal,1
2017-04-27,elevated,2
2017-04-28,low_volatility,0
2017-05-01,normal,1
2017-05-02,normal,1
2017-05-03,normal,1
2017-05-04,low_volatility,0
2017-05-05,normal,1
2017-05-08,low_volatility,0
2017-05-09,normal,1
2017-05-10,normal,1
2017-05-11,normal,1
2017-05-12,normal,1
2017-05-15,elevated,2
2017-05-16,normal,1
2017-05-17,elevated,2
2017-05-18,normal,1
2017-05-19,normal,1
2017-05-22,normal,1
2017-05-23,normal,1
2017-05-24,low_volatility,0
2017-05-25,normal,1
2017-05-26,normal,1
2017-05-30,normal,1
2017-05-31,normal,1
2017-06-01,normal,1
2017-06-02,elevated,2
2017-06-05,elevated,2
2017-06-06,normal,1
2017-06-07,normal,1
2017-06-08,normal,1
2017-06-09,normal,1
2017-06-12,normal,1
2017-06-13,normal,1
2017-06-14,normal,1
2017-06-15,normal,1
2017-06-16,normal,1
2017-06-19,low_volatility,0
2017-06-20,normal,1
2017-06-21,normal,1
2017-06-22,normal,1
2017-06-23,normal,1
2017-06-26,elevated,2
2017-06-27,normal,1
2017-06-28,elevated,2
2017-06-29,normal,1
2017-06-30,normal,1
2017-07-03,low_volatility,0
2017-07-05,normal,1
2017-07-06,normal,1
2017-07-07,low_volatility,0
2017-07-10,normal,1
2017-07-11,low_volatility,0
2017-07-12,normal,1
2017-07-13,normal,1
2017-07-14,normal,1
2017-07-17,elevated,2
2017-07-18,elevated,2
2017-07-19,low_volatility,0
2017-07-20,normal,1
2017-07-21,normal,1
2017-07-24,normal,1
2017-07-25,low_volatility,0
2017-07-26,normal,1
2017-07-27,low_volatility,0
2017-07-28,normal,1
2017-07-31,normal,1
2017-08-01,elevated,2
2017-08-02,normal,1
2017-08-03,low_volatility,0
2017-08-04,normal,1
2017-08-07,normal,1
2017-08-08,low_volatility,0
2017-08-09,normal,1
2017-08-10,elevated,2
2017-08-11,normal,1
2017-08-14,normal,1
2017-08-15,normal,1
2017-08-16,normal,1
2017-08-17,normal,1
2017-08-18,normal,1
2017-08-21,elevated,2
2017-08-22,normal,1
2017-08-23,normal,1
2017-08-24,elevated,2
2017-08-25,normal,1
2017-08-28,normal,1
2017-08-29,normal,1
2017-08-30,normal,1
2017-08-31,low_volatility,0
2017-09-01,elevated,2
2017-09-05,low_volatility,0
2017-09-06,normal,1
2017-09-07,normal,1
2017-09-08,normal,1
2017-09-11,low_volatility,0
2017-09-12,low_volatility,0
2017-09-13,low_volatility,0
2017-09-14,low_volatility,0
2017-09-15,normal,1
2017-09-18,elevated,2
2017-09-19,low_volatility,0
2017-09-20,low_volatility,0
2017-09-21,elevated,2
2017-09-22,normal,1
2017-09-25,elevated,2
2017-09-26,elevated,2
2017-09-27,normal,1
2017-09-28,low_volatility,0
2017-09-29,low_volatility,0
2017-10-02,low_volatility,0
2017-10-03,normal,1
2017-10-04,elevated,2
2017-10-05,low_volatility,0
2017-10-06,normal,1
2017-10-09,low_volatility,0
2017-10-10,normal,1
2017-10-11,low_volatility,0
2017-10-12,normal,1
2017-10-13,elevated,2
2017-10-16,normal,1
2017-10-17,low_volatility,0
2017-10-18,low_volatility,0
2017-10-19,elevated,2
2017-10-20,normal,1
2017-10-23,elevated,2
2017-10-24,elevated,2
2017-10-25,low_volatility,0
2017-10-26,normal,1
2017-10-27,normal,1
2017-10-30,elevated,2
2017-10-31,normal,1
2017-11-01,normal,1
2017-11-02,elevated,2
2017-11-03,elevated,2
2017-11-06,normal,1
2017-11-07,normal,1
2017-11-08,normal,1
2017-11-09,normal,1
2017-11-10,normal,1
2017-11-13,elevated,2
2017-11-14,normal,1
2017-11-15,elevated,2
2017-11-16,normal,1
2017-11-17,normal,1
2017-11-20,low_volatility,0
2017-11-21,normal,1
2017-11-22,low_volatility,0
2017-11-24,normal,1
2017-11-27,low_volatility,0
2017-11-28,normal,1
2017-11-29,low_volatility,0
2017-11-30,low_volatility,0
2017-12-01,normal,1
2017-12-04,elevated,2
2017-12-05,normal,1
2017-12-06,normal,1
2017-12-07,normal,1
2017-12-08,normal,1
2017-12-11,normal,1
2017-12-12,normal,1
2017-12-13,normal,1
2017-12-14,low_volatility,0
2017-12-15,normal,1
2017-12-18,low_volatility,0
2017-12-19,normal,1
2017-12-20,normal,1
2017-12-21,low_volatility,0
2017-12-22,normal,1
2017-12-26,low_volatility,0
2017-12-27,low_volatility,0
2017-12-28,normal,1
2017-12-29,normal,1
2018-01-02,normal,1
2018-01-03,normal,1
2018-01-04,normal,1
2018-01-05,normal,1
2018-01-08,low_volatility,0
2018-01-09,normal,1
2018-01-10,normal,1
2018-01-11,normal,1
2018-01-12,normal,1
2018-01-16,normal,1
2018-01-17,normal,1
2018-01-18,normal,1
2018-01-19,normal,1
2018-01-22,normal,1
2018-01-23,normal,1
2018-01-24,normal,1
2018-01-25,normal,1
2018-01-26,normal,1
2018-01-29,normal,1
2018-01-30,normal,1
2018-01-31,normal,1
2018-02-01,normal,1
2018-02-02,normal,1
2018-02-05,elevated,2
2018-02-06,normal,1
2018-02-07,normal,1
2018-02-08,normal,1
2018-02-09,normal,1
2018-02-12,normal,1
2018-02-13,normal,1
2018-02-14,normal,1
2018-02-15,normal,1
2018-02-16,normal,1
2018-02-20,normal,1
2018-02-21,normal,1
2018-02-22,normal,1
2018-02-23,normal,1
2018-02-26,normal,1
2018-02-27,normal,1
2018-02-28,normal,1
2018-03-01,normal,1
2018-03-02,elevated,2
2018-03-05,normal,1
2018-03-06,normal,1
2018-03-07,normal,1
2018-03-08,normal,1
2018-03-09,low_volatility,0
2018-03-12,normal,1
2018-03-13,normal,1
2018-03-14,normal,1
2018-03-15,normal,1
2018-03-16,normal,1
2018-03-19,normal,1
2018-03-20,normal,1
2018-03-21,normal,1
2018-03-22,normal,1
2018-03-23,normal,1
2018-03-26,normal,1
2018-03-27,normal,1
2018-03-28,normal,1
2018-03-29,normal,1
2018-04-02,normal,1
2018-04-03,normal,1
2018-04-04,normal,1
2018-04-05,normal,1
2018-04-06,normal,1
2018-04-09,normal,1
2018-04-10,low_volatility,0
2018-04-11,normal,1
2018-04-12,normal,1
2018-04-13,normal,1
2018-04-16,normal,1
2018-04-17,normal,1
2018-04-18,normal,1
2018-04-19,normal,1
2018-04-20,normal,1
2018-04-23,normal,1
2018-04-24,normal,1
2018-04-25,normal,1
2018-04-26,normal,1
2018-04-27,low_volatility,0
2018-04-30,normal,1
2018-05-01,normal,1
2018-05-02,normal,1
2018-05-03,normal,1
2018-05-04,normal,1
2018-05-07,normal,1
2018-05-08,normal,1
2018-05-09,normal,1
2018-05-10,normal,1
2018-05-11,normal,1
2018-05-14,normal,1
2018-05-15,normal,1
2018-05-16,normal,1
2018-05-17,normal,1
2018-05-18,normal,1
2018-05-21,normal,1
2018-05-22,normal,1
2018-05-23,normal,1
2018-05-24,normal,1
2018-05-25,normal,1
2018-05-29,normal,1
2018-05-30,normal,1
2018-05-31,normal,1
2018-06-01,low_volatility,0
2018-06-04,low_volatility,0
2018-06-05,normal,1
2018-06-06,normal,1
2018-06-07,low_volatility,0
2018-06-08,normal,1
2018-06-11,normal,1
2018-06-12,normal,1
2018-06-13,normal,1
2018-06-14,normal,1
2018-06-15,elevated,2
2018-06-18,elevated,2
2018-06-19,normal,1
2018-06-20,normal,1
2018-06-21,elevated,2
2018-06-22,normal,1
2018-06-25,normal,1
2018-06-26,low_volatility,0
2018-06-27,elevated,2
2018-06-28,elevated,2
2018-06-29,normal,1
2018-07-02,low_volatility,0
2018-07-03,elevated,2
2018-07-05,low_volatility,0
2018-07-06,normal,1
2018-07-09,normal,1
2018-07-10,normal,1
2018-07-11,normal,1
2018-07-12,normal,1
2018-07-13,elevated,2
2018-07-16,normal,1
2018-07-17,low_volatility,0
2018-07-18,low_volatility,0
2018-07-19,normal,1
2018-07-20,normal,1
2018-07-23,normal,1
2018-07-24,elevated,2
2018-07-25,low_volatility,0
2018-07-26,normal,1
2018-07-27,low_volatility,0
2018-07-30,normal,1
2018-07-31,normal,1
2018-08-01,elevated,2
2018-08-02,normal,1
2018-08-03,low_volatility,0
2018-08-06,normal,1
2018-08-07,low_volatility,0
2018-08-08,low_volatility,0
2018-08-09,normal,1
2018-08-10,elevated,2
2018-08-13,elevated,2
2018-08-14,low_volatility,0
2018-08-15,low_volatility,0
2018-08-16,normal,1
2018-08-17,normal,1
2018-08-20,low_volatility,0
2018-08-21,normal,1
2018-08-22,low_volatility,0
2018-08-23,normal,1
2018-08-24,normal,1
2018-08-27,normal,1
2018-08-28,normal,1
2018-08-29,elevated,2
2018-08-30,low_volatility,0
2018-08-31,normal,1
2018-09-04,normal,1
2018-09-05,elevated,2
2018-09-06,low_volatility,0
2018-09-07,low_volatility,0
2018-09-10,normal,1
2018-09-11,normal,1
2018-09-12,low_volatility,0
2018-09-13,elevated,2
2018-09-14,elevated,2
2018-09-17,normal,1
2018-09-18,normal,1
2018-09-19,normal,1
2018-09-20,normal,1
2018-09-21,low_volatility,0
2018-09-24,normal,1
2018-09-25,normal,1
2018-09-26,normal,1
2018-09-27,normal,1
2018-09-28,elevated,2
2018-10-01,normal,1
2018-10-02,elevated,2
2018-10-03,normal,1
2018-10-04,normal,1
2018-10-05,normal,1
2018-10-08,normal,1
2018-10-09,normal,1
2018-10-10,elevated,2
2018-10-11,elevated,2
2018-10-12,elevated,2
2018-10-15,normal,1
2018-10-16,elevated,2
2018-10-17,elevated,2
2018-10-18,low_volatility,0
2018-10-19,elevated,2
2018-10-22,normal,1
2018-10-23,normal,1
2018-10-24,normal,1
2018-10-25,elevated,2
2018-10-26,elevated,2
2018-10-29,elevated,2
2018-10-30,normal,1
2018-10-31,elevated,2
2018-11-01,normal,1
2018-11-02,normal,1
2018-11-05,normal,1
2018-11-06,normal,1
2018-11-07,normal,1
2018-11-08,normal,1
2018-11-09,normal,1
2018-11-12,elevated,2
2018-11-13,low_volatility,0
2018-11-14,normal,1
2018-11-15,normal,1
2018-11-16,elevated,2
2018-11-19,elevated,2
2018-11-20,elevated,2
2018-11-21,elevated,2
2018-11-23,elevated,2
2018-11-26,low_volatility,0
2018-11-27,low_volatility,0
2018-11-28,elevated,2
2018-11-29,elevated,2
2018-11-30,low_volatility,0
2018-12-03,low_volatility,0
2018-12-04,elevated,2
2018-12-06,normal,1
2018-12-07,elevated,2
2018-12-10,elevated,2
2018-12-11,low_volatility,0
2018-12-12,low_volatility,0
2018-12-13,normal,1
2018-12-14,elevated,2
2018-12-17,elevated,2
2018-12-18,elevated,2
2018-12-19,elevated,2
2018-12-20,elevated,2
2018-12-21,normal,1
2018-12-24,normal,1
2018-12-26,normal,1
2018-12-27,low_volatility,0
2018-12-28,elevated,2
2018-12-31,elevated,2
2019-01-02,normal,1
2019-01-03,elevated,2
2019-01-04,normal,1
2019-01-07,normal,1
2019-01-08,low_volatility,0
2019-01-09,normal,1
2019-01-10,low_volatility,0
2019-01-11,low_volatility,0
2019-01-14,elevated,2
2019-01-15,elevated,2
2019-01-16,normal,1
2019-01-17,normal,1
2019-01-18,normal,1
2019-01-22,normal,1
2019-01-23,low_volatility,0
2019-01-24,normal,1
2019-01-25,normal,1
2019-01-28,elevated,2
2019-01-29,normal,1
2019-01-30,normal,1
2019-01-31,low_volatility,0
2019-02-01,normal,1
2019-02-04,normal,1
2019-02-05,normal,1
2019-02-06,elevated,2
2019-02-07,low_volatility,0
2019-02-08,elevated,2
2019-02-11,normal,1
2019-02-12,normal,1
2019-02-13,normal,1
2019-02-14,elevated,2
2019-02-15,elevated,2
2019-02-19,normal,1
2019-02-20,normal,1
2019-02-21,normal,1
2019-02-22,low_volatility,0
2019-02-25,normal,1
2019-02-26,normal,1
2019-02-27,normal,1
2019-02-28,normal,1
2019-03-01,elevated,2
2019-03-04,elevated,2
2019-03-05,low_volatility,0
2019-03-06,elevated,2
2019-03-07,low_volatility,0
2019-03-08,low_volatility,0
2019-03-11,low_volatility,0
2019-03-12,low_volatility,0
2019-03-13,low_volatility,0
2019-03-14,normal,1
2019-03-15,normal,1
2019-03-18,elevated,2
2019-03-19,elevated,2
2019-03-20,elevated,2
2019-03-21,low_volatility,0
2019-03-22,elevated,2
2019-03-25,normal,1
2019-03-26,low_volatility,0
2019-03-27,normal,1
2019-03-28,elevated,2
2019-03-29,low_volatility,0
2019-04-01,low_volatility,0
2019-04-02,normal,1
2019-04-03,normal,1
2019-04-04,normal,1
2019-04-05,low_volatility,0
2019-04-08,normal,1
2019-04-09,low_volatility,0
2019-04-10,low_volatility,0
2019-04-11,normal,1
2019-04-12,normal,1
2019-04-15,elevated,2
2019-04-16,normal,1
2019-04-17,low_volatility,0
2019-04-18,low_volatility,0
2019-04-22,low_volatility,0
2019-04-23,low_volatility,0
2019-04-24,normal,1
2019-04-25,elevated,2
2019-04-26,normal,1
2019-04-29,normal,1
2019-04-30,elevated,2
2019-05-01,normal,1
2019-05-02,normal,1
2019-05-03,elevated,2
2019-05-06,low_volatility,0
2019-05-07,normal,1
2019-05-08,normal,1
2019-05-09,normal,1
2019-05-10,normal,1
2019-05-13,normal,1
2019-05-14,normal,1
2019-05-15,normal,1
2019-05-16,normal,1
2019-05-17,normal,1
2019-05-20,normal,1
2019-05-21,normal,1
2019-05-22,normal,1
2019-05-23,normal,1
2019-05-24,normal,1
2019-05-28,elevated,2
2019-05-29,normal,1
2019-05-30,normal,1
2019-05-31,elevated,2
2019-06-03,elevated,2
2019-06-04,normal,1
2019-06-05,normal,1
2019-06-06,normal,1
2019-06-07,low_volatility,0
2019-06-10,low_volatility,0
2019-06-11,normal,1
2019-06-12,normal,1
2019-06-13,normal,1
2019-06-14,elevated,2
2019-06-17,normal,1
2019-06-18,normal,1
2019-06-19,elevated,2
2019-06-20,low_volatility,0
2019-06-21,normal,1
2019-06-24,low_volatility,0
2019-06-25,normal,1
2019-06-26,elevated,2
2019-06-27,elevated,2
2019-06-28,low_volatility,0
2019-07-01,normal,1
2019-07-02,low_volatility,0
2019-07-03,low_volatility,0
2019-07-05,low_volatility,0
2019-07-08,elevated,2
2019-07-09,normal,1
2019-07-10,normal,1
2019-07-11,low_volatility,0
2019-07-12,normal,1
2019-07-15,low_volatility,0
2019-07-16,normal,1
2019-07-17,normal,1
2019-07-18,elevated,2
2019-07-19,elevated,2
2019-07-22,normal,1
2019-07-23,normal,1
2019-07-24,normal,1
2019-07-25,low_volatility,0
2019-07-26,low_volatility,0
2019-07-29,normal,1
2019-07-30,normal,1
2019-07-31,normal,1
2019-08-01,elevated,2
2019-08-02,elevated,2
2019-08-05,elevated,2
2019-08-06,normal,1
2019-08-07,elevated,2
2019-08-08,elevated,2
2019-08-09,low_volatility,0
2019-08-12,normal,1
2019-08-13,normal,1
2019-08-14,elevated,2
2019-08-15,normal,1
2019-08-16,normal,1
2019-08-19,low_volatility,0
2019-08-20,normal,1
2019-08-21,normal,1
2019-08-22,normal,1
2019-08-23,elevated,2
2019-08-26,elevated,2
2019-08-27,normal,1
2019-08-28,normal,1
2019-08-29,normal,1
2019-08-30,low_volatility,0
2019-09-03,elevated,2
2019-09-04,normal,1
2019-09-05,elevated,2
2019-09-06,low_volatility,0
2019-09-09,low_volatility,0
2019-09-10,normal,1
2019-09-11,normal,1
2019-09-12,normal,1
2019-09-13,normal,1
2019-09-16,normal,1
2019-09-17,normal,1
2019-09-18,elevated,2
2019-09-19,normal,1
2019-09-20,normal,1
2019-09-23,normal,1
2019-09-24,normal,1
2019-09-25,normal,1
2019-09-26,normal,1
2019-09-27,low_volatility,0
2019-09-30,normal,1
2019-10-01,normal,1
2019-10-02,elevated,2
2019-10-03,elevated,2
2019-10-04,elevated,2
2019-10-07,elevated,2
2019-10-08,normal,1
2019-10-09,normal,1
2019-10-10,low_volatility,0
2019-10-11,low_volatility,0
2019-10-14,elevated,2
2019-10-15,normal,1
2019-10-16,normal,1
2019-10-17,normal,1
2019-10-18,low_volatility,0
2019-10-21,normal,1
2019-10-22,normal,1
2019-10-23,low_volatility,0
2019-10-24,elevated,2
2019-10-25,normal,1
2019-10-28,low_volatility,0
2019-10-29,low_volatility,0
2019-10-30,low_volatility,0
2019-10-31,elevated,2
2019-11-01,low_volatility,0
2019-11-04,normal,1
2019-11-05,normal,1
2019-11-06,normal,1
2019-11-07,normal,1
2019-11-08,normal,1
2019-11-11,normal,1
2019-11-12,normal,1
2019-11-13,normal,1
2019-11-14,low_volatility,0
2019-11-15,low_volatility,0
2019-11-18,low_volatility,0
2019-11-19,normal,1
2019-11-20,normal,1
2019-11-21,elevated,2
2019-11-22,elevated,2
2019-11-25,low_volatility,0
2019-11-26,normal,1
2019-11-27,normal,1
2019-11-29,normal,1
2019-12-02,normal,1
2019-12-03,elevated,2
2019-12-04,elevated,2
2019-12-05,normal,1
2019-12-06,normal,1
2019-12-09,normal,1
2019-12-10,low_volatility,0
2019-12-11,normal,1
2019-12-12,normal,1
2019-12-13,normal,1
2019-12-16,low_volatility,0
2019-12-17,low_volatility,0
2019-12-18,normal,1
2019-12-19,normal,1
2019-12-20,normal,1
2019-12-23,low_volatility,0
2019-12-24,low_volatility,0
2019-12-26,low_volatility,0
2019-12-27,low_volatility,0
2019-12-30,normal,1
2019-12-31,low_volatility,0
2020-01-02,normal,1
2020-01-03,elevated,2
2020-01-06,normal,1
2020-01-07,normal,1
2020-01-08,normal,1
2020-01-09,low_volatility,0
2020-01-10,low_volatility,0
2020-01-13,normal,1
2020-01-14,normal,1
2020-01-15,normal,1
2020-01-16,normal,1
2020-01-17,normal,1
2020-01-21,normal,1
2020-01-22,normal,1
2020-01-23,elevated,2
2020-01-24,normal,1
2020-01-27,elevated,2
2020-01-28,normal,1
2020-01-29,normal,1
2020-01-30,low_volatility,0
2020-01-31,low_volatility,0
2020-02-03,low_volatility,0
2020-02-04,normal,1
2020-02-05,normal,1
2020-02-06,elevated,2
2020-02-07,normal,1
2020-02-10,elevated,2
2020-02-11,normal,1
2020-02-12,normal,1
2020-02-13,normal,1
2020-02-14,low_volatility,0
2020-02-18,low_volatility,0
2020-02-19,normal,1
2020-02-20,elevated,2
2020-02-21,elevated,2
2020-02-24,elevated,2
2020-02-25,elevated,2
2020-02-26,normal,1
2020-02-27,elevated,2
2020-02-28,elevated,2
2020-03-02,low_volatility,0
2020-03-03,normal,1
2020-03-04,normal,1
2020-03-05,normal,1
2020-03-06,high_volatility,3
2020-03-09,high_volatility,3
2020-03-10,high_volatility,3
2020-03-11,high_volatility,3
2020-03-12,high_volatility,3
2020-03-13,high_volatility,3
2020-03-16,high_volatility,3
2020-03-17,high_volatility,3
2020-03-18,high_volatility,3
2020-03-19,high_volatility,3
2020-03-20,high_volatility,3
2020-03-23,high_volatility,3
2020-03-24,high_volatility,3
2020-03-25,high_volatility,3
2020-03-26,high_volatility,3
2020-03-27,high_volatility,3
2020-03-30,high_volatility,3
2020-03-31,high_volatility,3
2020-04-01,high_volatility,3
