Dataset Name,Category,Source,Format,File Size,Records,Date Start,Date End,Description,File Path,Source URL
wsb_reddit,Reddit - WallStreetBets,Kaggle,CSV,42 MB,399636,2020-09-29,2021-08-16,WSB posts during 2020-2021 (meme stock era beginning),data/kaggle/wsb/reddit_wsb.csv,https://www.kaggle.com/datasets/gpreda/reddit-wallstreetsbets-posts
wsb_2022,Reddit - WallStreetBets,Kaggle,CSV,211 MB,2095895,2021-01-27,2025-03-27,WSB posts from 2021-2025 (extended collection),data/kaggle/wsb-2022/wallstreetbets_2022.csv,https://www.kaggle.com/datasets/gpreda/wallstreetbets-2022
wsb_historical,Reddit - WallStreetBets,Kaggle,JSON,951 MB,454025,2012-04-11,2020-08-15,Historical WSB posts 2012-2020 (pre-meme stock era),data/kaggle/wsb-historical/wallstreetbets_submission.json,https://www.kaggle.com/datasets/shergreen/wallstreetbets-subreddit-submissions
investing_historical,Reddit - Investing,Kaggle,JSON,347 MB,210151,2010-01-01,2020-08-16,r/investing posts 2010-2020,data/kaggle/wsb-historical/investing_submission.json,https://www.kaggle.com/datasets/shergreen/wallstreetbets-subreddit-submissions
options_historical,Reddit - Options,Kaggle,JSON,82 MB,42385,2010-01-09,2020-08-15,r/options posts 2010-2020,data/kaggle/wsb-historical/options_submission.json,https://www.kaggle.com/datasets/shergreen/wallstreetbets-subreddit-submissions
securityanalysis_historical,Reddit - Security Analysis,Kaggle,JSON,38 MB,22939,2011-04-13,2020-08-14,r/SecurityAnalysis posts 2011-2020,data/kaggle/wsb-historical/SecurityAnalysis_submission.json,https://www.kaggle.com/datasets/shergreen/wallstreetbets-subreddit-submissions
reddit_finance_wsb,Reddit - WallStreetBets,Kaggle,CSV,232 MB,1293785,2021-01-01,2021-12-31,WSB posts for full year 2021,data/kaggle/reddit-finance/wallstreetbets/submissions_reddit.csv,https://www.kaggle.com/datasets/leukipp/reddit-finance-data
reddit_finance_gme,Reddit - GME,Kaggle,CSV,244 MB,1027422,2021,2021,r/GME posts (GameStop focused),data/kaggle/reddit-finance/gme/submissions_reddit.csv,https://www.kaggle.com/datasets/leukipp/reddit-finance-data
reddit_finance_personalfinance,Reddit - Personal Finance,Kaggle,CSV,209 MB,770142,2021,2021,r/personalfinance posts,data/kaggle/reddit-finance/personalfinance/submissions_reddit.csv,https://www.kaggle.com/datasets/leukipp/reddit-finance-data
reddit_finance_stocks,Reddit - Stocks,Kaggle,CSV,88 MB,359169,2021,2021,r/stocks posts,data/kaggle/reddit-finance/stocks/submissions_reddit.csv,https://www.kaggle.com/datasets/leukipp/reddit-finance-data
reddit_finance_pennystocks,Reddit - PennyStocks,Kaggle,CSV,73 MB,304474,2021,2021,r/pennystocks posts,data/kaggle/reddit-finance/pennystocks/submissions_reddit.csv,https://www.kaggle.com/datasets/leukipp/reddit-finance-data
reddit_finance_stockmarket,Reddit - Stock Market,Kaggle,CSV,57 MB,247259,2021,2021,r/stockmarket posts,data/kaggle/reddit-finance/stockmarket/submissions_reddit.csv,https://www.kaggle.com/datasets/leukipp/reddit-finance-data
reddit_finance_options,Reddit - Options,Kaggle,CSV,36 MB,166731,2021,2021,r/options posts 2021,data/kaggle/reddit-finance/options/submissions_reddit.csv,https://www.kaggle.com/datasets/leukipp/reddit-finance-data
reddit_finance_investing,Reddit - Investing,Kaggle,CSV,36 MB,135974,2021,2021,r/investing posts 2021,data/kaggle/reddit-finance/investing/submissions_reddit.csv,https://www.kaggle.com/datasets/leukipp/reddit-finance-data
reddit_finance_robinhoodpennystocks,Reddit - RobinhoodPennyStocks,Kaggle,CSV,17 MB,57720,2021,2021,r/robinhoodpennystocks posts,data/kaggle/reddit-finance/robinhoodpennystocks/submissions_reddit.csv,https://www.kaggle.com/datasets/leukipp/reddit-finance-data
reddit_finance_forex,Reddit - Forex,Kaggle,CSV,13 MB,46772,2021,2021,r/forex posts 2021,data/kaggle/reddit-finance/forex/submissions_reddit.csv,https://www.kaggle.com/datasets/leukipp/reddit-finance-data
reddit_finance_financialindependence,Reddit - FIRE,Kaggle,CSV,10 MB,33633,2021,2021,r/financialindependence posts,data/kaggle/reddit-finance/financialindependence/submissions_reddit.csv,https://www.kaggle.com/datasets/leukipp/reddit-finance-data
reddit_finance_robinhood,Reddit - Robinhood,Kaggle,CSV,9.5 MB,24795,2021,2021,r/robinhood posts,data/kaggle/reddit-finance/robinhood/submissions_reddit.csv,https://www.kaggle.com/datasets/leukipp/reddit-finance-data
reddit_finance_finance,Reddit - Finance,Kaggle,CSV,4.3 MB,7306,2021,2021,r/finance posts,data/kaggle/reddit-finance/finance/submissions_reddit.csv,https://www.kaggle.com/datasets/leukipp/reddit-finance-data
reddit_finance_securityanalysis,Reddit - Security Analysis,Kaggle,CSV,2.7 MB,6229,2021,2021,r/securityanalysis posts 2021,data/kaggle/reddit-finance/securityanalysis/submissions_reddit.csv,https://www.kaggle.com/datasets/leukipp/reddit-finance-data
crypto_reddit_2022,Reddit - Crypto (50 subreddits),Kaggle,CSV,425 MB,4743423,2022-01-01,2022-12-31,Cryptocurrency subreddit posts for 2022 (50 subreddits),data/kaggle/crypto/,https://www.kaggle.com/datasets/leukipp/reddit-crypto-data
crypto_reddit_cc,Reddit - r/CryptoCurrency,Kaggle,CSV,20 MB,40917,2021-08-13,2021-09-19,r/CryptoCurrency posts Aug-Sep 2021,data/kaggle/crypto-reddit/reddit_cc.csv,https://www.kaggle.com/datasets/leukipp/reddit-crypto-data
stock_tweets,Twitter - Stocks,Kaggle,CSV,17 MB,299600,2021-09-30,2022-09-29,Stock-related tweets with ticker mentions,data/kaggle/stock_tweets/stock_tweets.csv,https://www.kaggle.com/datasets/equinxx/stock-tweets-for-sentiment-analysis-and-prediction
crypto_tweets,Twitter - Crypto,Kaggle,CSV,3.1 MB,~36572,2021,2022-11,Crypto-related tweets 2021-2022,data/kaggle/crypto-tweets/crypto_10k_tweets_(2021_2022Nov).csv,https://www.kaggle.com/datasets/kaushiksuresh147/cryptocurrency-tweets-sentiment-analysis
stocknews_reddit,Reddit - News/DJIA,Kaggle,CSV,8.7 MB,76600,2008-06-08,2016-07-01,Reddit news headlines for stock prediction,data/kaggle/stocknews/RedditNews.csv,https://www.kaggle.com/datasets/aaron7sun/stocknews
stocknews_djia,News - DJIA Combined,Kaggle,CSV,5.4 MB,3973,2008-08-08,2016-07-01,News headlines with DJIA movement labels (2008 crisis coverage),data/kaggle/stocknews/Combined_News_DJIA.csv,https://www.kaggle.com/datasets/aaron7sun/stocknews
stocknews_djia_prices,Market - DJIA,Kaggle,CSV,163 KB,1988,2008-08-08,2016-07-01,DJIA price data,data/kaggle/stocknews/upload_DJIA_table.csv,https://www.kaggle.com/datasets/aaron7sun/stocknews
financial_news_phrasebank,News - Financial,Kaggle,CSV,656 KB,~4845,N/A,N/A,Financial phrase bank with sentiment labels (training data),data/kaggle/financial-news/all-data.csv,https://www.kaggle.com/datasets/ankurzing/sentiment-analysis-for-financial-news
forex_sentiment,News - Forex,Zenodo,CSV,4.1 MB,3008,2023-01-12,2023-05-04,Forex news with sentiment labels,data/kaggle/forex/forex_sentiment_zenodo.csv,https://zenodo.org/records/7976842
gold_commodity_sentiment,News - Gold/Commodity,Kaggle,CSV,1.9 MB,10571,2000-02-15,2019-02-01,Gold price news with sentiment for commodity analysis,data/kaggle/commodity-gold/gold-dataset-sinha-khandait.csv,https://www.kaggle.com/datasets/bhuvanchandra/gold-price-prediction-using-news-headlines
social_sentiment_stocktwits,Social - StockTwits,Kaggle,CSV,~200 KB,Various,2022-03-09,2022-03-16,StockTwits trending/sentiment data (sample days),data/kaggle/social-sentiment/,https://www.kaggle.com/datasets/socialsentiment/stocktwits-and-twitter-social-sentiment-data
social_sentiment_twitter,Social - Twitter,Kaggle,CSV,~100 KB,Various,2022-03-11,2022-03-16,Twitter trending stocks sentiment (sample days),data/kaggle/social-sentiment/,https://www.kaggle.com/datasets/socialsentiment/stocktwits-and-twitter-social-sentiment-data
stock_yfinance_data,Market - Stock Prices,Yahoo Finance,CSV,696 KB,Various,Various,Various,Stock price data from yfinance,data/kaggle/stock_tweets/stock_yfinance_data.csv,https://pypi.org/project/yfinance/
hpc_batches,Processed - HPC,Internal,JSON,~400 MB,30 files,Various,Various,Batched data prepared for HPC sentiment processing,data/hpc_batches/,N/A - Internal processing
kaggle_sentiment_full,Processed - Sentiment,Internal,JSON,223 MB,Various,Various,Various,Full sentiment analysis results,data/processed/kaggle_sentiment_full.json,N/A - Internal processing
vix_regimes_extended,Processed - VIX,Internal,JSON,946 KB,Various,Various,Various,VIX regime classifications,data/processed/vix_regimes_extended.json,N/A - Internal processing
backtest_results,Processed - Backtests,Internal,CSV/JSON,Various,Various,2008,2026,Backtest results for various market events,data/processed/,N/A - Internal processing
ecb_ciss,Market Stress - ECB,ECB Data Portal,CSV,946 KB,12030,1980-01-03,2026-01-29,ECB Composite Indicator of Systemic Stress - Euro area daily stress index,data/kaggle/ecb-ciss/ecb_ciss.csv,https://data.ecb.europa.eu/data/datasets/CISS/CISS.D.U2.Z0Z.4F.EC.SS_CIN.IDX
covid_world_indices,Market - Global Indices,Kaggle,CSV,~4 MB,46 indices,2010,2020-03,Historical data for 46 major global indices during COVID crisis,data/kaggle/covid-world-indices/,https://www.kaggle.com/datasets/alvarob96/covid19-world-major-indices-historical-data
wsb_echo_chamber_gme,Reddit - WSB Echo Chamber,Figshare,ZIP,110 MB,TBD,2020-10,2022-04,Per-ticker GME Reddit data from academic paper,data/kaggle/wsb-echo-chamber/reddit_raw_GME/,https://doi.org/10.2139/ssrn.4053771
wsb_echo_chamber_amc,Reddit - WSB Echo Chamber,Figshare,ZIP,33 MB,TBD,2020-10,2022-04,Per-ticker AMC Reddit data,data/kaggle/wsb-echo-chamber/reddit_raw_AMC/,https://doi.org/10.2139/ssrn.4053771
wsb_echo_chamber_tsla,Reddit - WSB Echo Chamber,Figshare,ZIP,7.4 MB,TBD,2020-10,2022-04,Per-ticker TSLA Reddit data,data/kaggle/wsb-echo-chamber/reddit_raw_TSLA/,https://doi.org/10.2139/ssrn.4053771
wsb_echo_chamber_aapl,Reddit - WSB Echo Chamber,Figshare,ZIP,9 MB,TBD,2020-10,2022-04,Per-ticker AAPL Reddit data,data/kaggle/wsb-echo-chamber/reddit_raw_AAPL/,https://doi.org/10.2139/ssrn.4053771
bitcoin_tweets_sentiment,Twitter - Bitcoin,HuggingFace,Parquet,9.5 MB,~50000,2021,2022,Bitcoin tweets with sentiment labels (train/test/eval splits),data/kaggle/huggingface/bitcoin_tweets_sentiment/,https://huggingface.co/datasets/ckandemir/bitcoin_tweets_sentiment_kaggle
finmultitime,Multimodal - Financial,HuggingFace,Mixed,2+ GB,5105 stocks,2009,2025,Multimodal dataset: news + K-line charts + tables + time series (S&P500 + HS300),data/kaggle/huggingface/finmultitime/,https://huggingface.co/datasets/Wenyan0110/Multimodal-Dataset-Image_Text_Table_TimeSeries-for-Financial-Time-Series-Forecasting
financial_news_events_2025,News - Financial Events,Kaggle,CSV,656 KB,3026,2025,2025,Financial news headlines with market events and sentiment labels,data/kaggle/financial-news-nlp-2025/,https://www.kaggle.com/datasets/pratyushpuri/financial-news-market-events-dataset-2025
reddit_sentiment_2025,Reddit - Sentiment,Kaggle,CSV,11 MB,TBD,2025,2025,Reddit posts and comments with preprocessed sentiment,data/kaggle/reddit-sentiment-2025/,https://www.kaggle.com/datasets/vijayj0shi/reddit-dataset-with-sentiment-analysis
